Zmienna 1,Zmienna 2,Korelacja
 Current Liabilities/Liability, Current Liability to Liability,1.0
 Current Liabilities/Equity, Current Liability to Equity,1.0
 Debt ratio %, Net worth/Assets,-0.9999999999999993
 Operating Gross Margin, Gross Profit to Sales,0.9999999924887605
 Net Value Per Share (A), Net Value Per Share (C),0.9998372673766628
 Operating Gross Margin, Realized Sales Gross Margin,0.9995182781255225
 Realized Sales Gross Margin, Gross Profit to Sales,0.9995182260040114
 Net Value Per Share (B), Net Value Per Share (A),0.9993420298970492
 Net Value Per Share (B), Net Value Per Share (C),0.9991785547277326
 Operating Profit Per Share (Yuan ¥), Operating profit/Paid-in capital,0.9986961505784386
 After-tax Net Profit Growth Rate, Regular Net Profit Growth Rate,0.9961861926223089
 Pre-tax net Interest Rate, Continuous interest rate (after tax),0.9936165193085659
 ROA(C) before interest and depreciation before interest, ROA(B) before interest and depreciation after tax,0.9868494970182545
 Pre-tax net Interest Rate, After-tax net Interest Rate,0.986379024258203
 After-tax net Interest Rate, Continuous interest rate (after tax),0.9844523287759168
 Current Liabilities/Equity, Liability to Equity,0.9639083871660641
 Current Liability to Equity, Liability to Equity,0.9639083871660641
 Per Share Net profit before tax (Yuan ¥), Net profit before tax/Paid-in capital,0.962722888955671
 ROA(A) before interest and % after tax, Net Income to Total Assets,0.9615519166312981
 Persistent EPS in the Last Four Seasons, Net profit before tax/Paid-in capital,0.9594608424800604
 Borrowing dependency, Liability to Equity,0.9558567721071973
 ROA(A) before interest and % after tax, ROA(B) before interest and depreciation after tax,0.9557406252835045
 Persistent EPS in the Last Four Seasons, Per Share Net profit before tax (Yuan ¥),0.9555910456161516
 Working capitcal Turnover Rate, Cash Flow to Sales,0.9481940614911444
 ROA(C) before interest and depreciation before interest, ROA(A) before interest and % after tax,0.940123707970081
 Operating Profit Rate, Pre-tax net Interest Rate,0.9164477798560053
 Operating Profit Rate, Continuous interest rate (after tax),0.9155437834862156
 ROA(B) before interest and depreciation after tax, Net Income to Total Assets,0.912040173335215
 Borrowing dependency, Current Liabilities/Equity,0.8927718551578726
 Borrowing dependency, Current Liability to Equity,0.8927718551578726
 ROA(C) before interest and depreciation before interest, Net Income to Total Assets,0.8876695382909835
 Operating profit/Paid-in capital, Net profit before tax/Paid-in capital,0.8873704466151631
 Operating Profit Per Share (Yuan ¥), Net profit before tax/Paid-in capital,0.8861573968367281
 Cash flow rate, Operating Funds to Liability,0.8805618326815656
 Persistent EPS in the Last Four Seasons, Operating Profit Per Share (Yuan ¥),0.8767694890496592
 Persistent EPS in the Last Four Seasons, Operating profit/Paid-in capital,0.8736405203664436
 Operating Profit Rate, After-tax net Interest Rate,0.8621907071596802
 Operating Profit Per Share (Yuan ¥), Per Share Net profit before tax (Yuan ¥),0.861812562331303
 Per Share Net profit before tax (Yuan ¥), Operating profit/Paid-in capital,0.8583102552070087
 Debt ratio %, Current Liability to Assets,0.8425830280709252
 Net worth/Assets, Current Liability to Assets,-0.8425830280709209
 Borrowing dependency, Equity to Long-term Liability,0.8068892480541348
 Borrowing dependency, Net Income to Stockholder's Equity,-0.8064782406650233
 Retained Earnings to Total Assets, Net Income to Total Assets,0.7941890411809647
 Net Income to Stockholder's Equity, Liability to Equity,-0.7918359156541075
 Equity to Long-term Liability, Liability to Equity,0.778134786120557
 ROA(C) before interest and depreciation before interest, Persistent EPS in the Last Four Seasons,0.7750062005985943
 Contingent liabilities/Net worth, Working Capital/Equity,-0.7677780748222718
 ROA(A) before interest and % after tax, Persistent EPS in the Last Four Seasons,0.7648280089887481
 ROA(B) before interest and depreciation after tax, Persistent EPS in the Last Four Seasons,0.7645970494767388
 ROA(A) before interest and % after tax, Net profit before tax/Paid-in capital,0.7582338978649502
 Total Asset Turnover, Net Worth Turnover Rate (times),0.7574139480175852
 Net Value Per Share (B), Persistent EPS in the Last Four Seasons,0.755568221435442
 Quick Assets/Total Assets, Current Assets/Total Assets,0.7554531616801067
 Net Value Per Share (A), Persistent EPS in the Last Four Seasons,0.7554094620766129
 Net Value Per Share (C), Persistent EPS in the Last Four Seasons,0.7552167999469452
 ROA(C) before interest and depreciation before interest, Net profit before tax/Paid-in capital,0.7533388791546748
 ROA(A) before interest and % after tax, Per Share Net profit before tax (Yuan ¥),0.7525782732040789
 ROA(C) before interest and depreciation before interest, Per Share Net profit before tax (Yuan ¥),0.7505635078323369
 Current Liability to Equity, Net Income to Stockholder's Equity,-0.7496208730034921
 Current Liabilities/Equity, Net Income to Stockholder's Equity,-0.7496208730034921
 Non-industry income and expenditure/revenue, Working capitcal Turnover Rate,0.742290344149415
 Cash Reinvestment %, CFO to Assets,0.7382760469156606
 Net Value Per Share (B), Per Share Net profit before tax (Yuan ¥),0.7263214621736235
 ROA(B) before interest and depreciation after tax, Net profit before tax/Paid-in capital,0.7260029658873253
 Net Value Per Share (A), Per Share Net profit before tax (Yuan ¥),0.7259558221414794
 Net Value Per Share (C), Per Share Net profit before tax (Yuan ¥),0.7258253919667929
 ROA(B) before interest and depreciation after tax, Per Share Net profit before tax (Yuan ¥),0.7229400587478131
 ROA(A) before interest and % after tax, Retained Earnings to Total Assets,0.7180127146946934
 Cash Flow Per Share, CFO to Assets,0.7150034599290612
 Working Capital to Total Assets, Current Assets/Total Assets,0.7148680223607996
 Cash Flow to Total Assets, Cash Flow to Liability,0.7126550572595806
 Net Value Per Share (B), Net profit before tax/Paid-in capital,0.7066457210909582
 Net Value Per Share (A), Net profit before tax/Paid-in capital,0.705800275484826
 Net Value Per Share (C), Net profit before tax/Paid-in capital,0.7056210180523378
 Operating Funds to Liability, CFO to Assets,0.7029373866803393
 Borrowing dependency, Inventory and accounts receivable/Net value,0.7001385729971366
 Working Capital/Equity, Current Liabilities/Equity,-0.692674621281319
 Working Capital/Equity, Current Liability to Equity,-0.692674621281319
 Persistent EPS in the Last Four Seasons, Net Income to Total Assets,0.6911520598487237
 ROA(C) before interest and depreciation before interest, Operating Profit Per Share (Yuan ¥),0.6872007835571384
 ROA(C) before interest and depreciation before interest, Operating profit/Paid-in capital,0.6850284901154948
 Net profit before tax/Paid-in capital, Net Income to Total Assets,0.6836228193425017
 Non-industry income and expenditure/revenue, Cash Flow to Sales,0.677229592073491
 ROA(B) before interest and depreciation after tax, Retained Earnings to Total Assets,0.6737376651524971
 Per Share Net profit before tax (Yuan ¥), Net Income to Total Assets,0.6717478754729701
 Inventory and accounts receivable/Net value, Liability to Equity,0.6703725935391491
 Inventory and accounts receivable/Net value, Current Liability to Equity,0.6618050188146192
 Inventory and accounts receivable/Net value, Current Liabilities/Equity,0.6618050188146192
 ROA(B) before interest and depreciation after tax, Operating Profit Per Share (Yuan ¥),0.6598337858312313
 ROA(B) before interest and depreciation after tax, Operating profit/Paid-in capital,0.657274488901489
 ROA(A) before interest and % after tax, Operating Profit Per Share (Yuan ¥),0.6542531851933989
 ROA(A) before interest and % after tax, Operating profit/Paid-in capital,0.6515810541910732
 Working Capital/Equity, Liability to Equity,-0.6504735718212992
 Cash Flow Per Share, Cash Reinvestment %,0.650278590093861
 ROA(C) before interest and depreciation before interest, Retained Earnings to Total Assets,0.6502172710185044
 Working Capital to Total Assets, Quick Assets/Total Assets,0.6484640384662583
 Operating Profit Growth Rate, After-tax Net Profit Growth Rate,0.6393944028235898
 Operating Profit Growth Rate, Regular Net Profit Growth Rate,0.6367928199888535
 Debt ratio %, Equity to Liability,-0.6258790580947202
 Net worth/Assets, Equity to Liability,0.6258790580947167
 Working Capital to Total Assets, Current Liability to Current Assets,-0.6255600985396373
 Contingent liabilities/Net worth, Current Liability to Equity,0.6229048700161294
 Contingent liabilities/Net worth, Current Liabilities/Equity,0.6229048700161294
 Contingent liabilities/Net worth, Liability to Equity,0.6218076726377983
 Equity to Long-term Liability, Net Income to Stockholder's Equity,-0.6159049249887038
 Net Value Per Share (B), Operating Profit Per Share (Yuan ¥),0.6076226591079786
 Net Value Per Share (A), Operating Profit Per Share (Yuan ¥),0.6069544781274613
 Net Value Per Share (C), Operating Profit Per Share (Yuan ¥),0.6068953756785536
 Cash flow rate, CFO to Assets,0.6033053942588787
 Net Value Per Share (B), Operating profit/Paid-in capital,0.6030239232971486
 Net Value Per Share (A), Operating profit/Paid-in capital,0.6023668829380062
 Net Value Per Share (C), Operating profit/Paid-in capital,0.6022772638355183
 Operating Profit Rate, Non-industry income and expenditure/revenue,-0.592005877211252
 Quick Assets/Total Assets, Cash/Total Assets,0.5908906019500008
 Cash Flow to Total Assets, Cash Flow to Equity,0.5899984776341611
 Current Liability to Equity, Equity to Long-term Liability,0.589336481212094
 Current Liabilities/Equity, Equity to Long-term Liability,0.589336481212094
 Working Capital/Equity, Net Income to Stockholder's Equity,0.5859713414057894
 Working Capital to Total Assets, Cash/Total Assets,0.5857700655650867
 Operating Profit Per Share (Yuan ¥), Net Income to Total Assets,0.5778455242001679
 Operating profit/Paid-in capital, Net Income to Total Assets,0.5758330848156775
 Current Assets/Total Assets, Current Liability to Liability,0.5656399689639408
 Current Assets/Total Assets, Current Liabilities/Liability,0.5656399689639408
 Retained Earnings to Total Assets, Total expense/Assets,-0.5415586728857421
 Borrowing dependency, Working Capital/Equity,-0.5357136503914642
 ROA(A) before interest and % after tax, Net Value Per Share (C),0.5318207757431148
 ROA(A) before interest and % after tax, Net Value Per Share (B),0.5317988012413964
 ROA(A) before interest and % after tax, Net Value Per Share (A),0.5317902501191653
 Net worth/Assets, Working Capital to Total Assets,0.5287969894967407
 Debt ratio %, Working Capital to Total Assets,-0.5287969894967379
 Current Liability to Assets, Equity to Liability,-0.5063598530450174
 ROA(C) before interest and depreciation before interest, Net Value Per Share (B),0.5055803204506618
 ROA(C) before interest and depreciation before interest, Net Value Per Share (A),0.5054066806313371
 ROA(C) before interest and depreciation before interest, Net Value Per Share (C),0.5052808487973173
 ROA(C) before interest and depreciation before interest, CFO to Assets,0.5043111598834567
 ROA(B) before interest and depreciation after tax, Net Value Per Share (B),0.5020515495664438
 ROA(B) before interest and depreciation after tax, Net Value Per Share (A),0.5020004897850215
 ROA(B) before interest and depreciation after tax, Net Value Per Share (C),0.5019071929176927
 Net Worth Turnover Rate (times), Current Liability to Assets,0.49936951818420605
 Total Asset Turnover, Current Assets/Total Assets,0.4974052791404955
 ROA(B) before interest and depreciation after tax, CFO to Assets,0.4970424510140315
 Net Value Per Share (C), Net Income to Total Assets,0.4938221929467547
 Net Value Per Share (A), Net Income to Total Assets,0.4938033950156335
 Net Value Per Share (B), Net Income to Total Assets,0.49377606417687986
 Net Value Per Share (A), Retained Earnings to Total Assets,0.4927604820115532
 Net Value Per Share (C), Retained Earnings to Total Assets,0.49273445212440165
 Persistent EPS in the Last Four Seasons, Retained Earnings to Total Assets,0.4920778296881323
 Net Value Per Share (B), Retained Earnings to Total Assets,0.4913649083700735
 Inventory and accounts receivable/Net value, Equity to Long-term Liability,0.48609706790098633
 Net profit before tax/Paid-in capital, Retained Earnings to Total Assets,0.4833548076875463
 Cash/Total Assets, Cash Flow to Total Assets,0.4801743512885429
 Per Share Net profit before tax (Yuan ¥), Retained Earnings to Total Assets,0.4737355030783453
 Total expense/Assets, Net Income to Total Assets,-0.4704975305262713
 Total Asset Turnover, Quick Assets/Total Assets,0.4689556747926937
 Cash Flow Per Share, Operating profit/Paid-in capital,0.46510212956410163
 Quick Assets/Total Assets, Current Liabilities/Liability,0.4629726032607864
 Quick Assets/Total Assets, Current Liability to Liability,0.4629726032607864
 Contingent liabilities/Net worth, Equity to Long-term Liability,0.462858354488479
 Cash Flow Per Share, Operating Profit Per Share (Yuan ¥),0.4607399237346167
 Average Collection Days, Total income/Total expense,0.45914582507714213
 Persistent EPS in the Last Four Seasons, Cash Flow Per Share,0.45579393999844225
 Inventory and accounts receivable/Net value, Net Worth Turnover Rate (times),0.45342380838491453
 Inventory and accounts receivable/Net value, Current Liability to Assets,0.4523210404532174
 Borrowing dependency, Contingent liabilities/Net worth,0.4517374755765625
 Cash Flow Per Share, Net profit before tax/Paid-in capital,0.445817429484918
 ROA(A) before interest and % after tax, CFO to Assets,0.4430170130835688
 CFO to Assets, Net Income to Total Assets,0.4400948928376367
 Cash Flow Per Share, Per Share Net profit before tax (Yuan ¥),0.4392567240006935
 Debt ratio %, Net Worth Turnover Rate (times),0.4361604990403833
 Net worth/Assets, Net Worth Turnover Rate (times),-0.43616049904037846
 Net worth/Assets, Current Liability to Current Assets,-0.4281799660988822
 Debt ratio %, Current Liability to Current Assets,0.42817996609888087
 Current Asset Turnover Rate, Quick Asset Turnover Rate,0.42376786817098944
 Inventory and accounts receivable/Net value, Net Income to Stockholder's Equity,-0.42223823223018253
 Current Liability to Assets, Current Liabilities/Liability,0.4221846409610596
 Current Liability to Assets, Current Liability to Liability,0.4221846409610596
 Debt ratio %, Inventory and accounts receivable/Net value,0.41786799878857567
 Net worth/Assets, Inventory and accounts receivable/Net value,-0.41786799878857356
 Current Assets/Total Assets, Cash/Total Assets,0.4164250982923497
 Operating Profit Per Share (Yuan ¥), Retained Earnings to Total Assets,0.41522576971015007
 Cash Flow Per Share, Operating Funds to Liability,0.4151223337526558
 Operating profit/Paid-in capital, Retained Earnings to Total Assets,0.4138694393640718
 Cash Reinvestment %, Operating Funds to Liability,0.41268322327530343
 Net Value Growth Rate, Liability-Assets Flag,0.4003420585725411
 Operating Funds to Liability, Equity to Liability,0.3987686836732389
 Long-term fund suitability ratio (A), Fixed Assets to Assets,0.39370488232786865
 Current Assets/Total Assets, Current Liability to Assets,0.3906293539214939
 ROA(C) before interest and depreciation before interest, Operating Funds to Liability,0.3881511525096659
 ROA(B) before interest and depreciation after tax, Operating Funds to Liability,0.387892720434049
 Fixed Assets Turnover Frequency, Current Assets/Total Assets,-0.3861145008280436
 Total Asset Turnover, Current Liability to Assets,0.38442848030114785
 Operating Funds to Liability, Cash Flow to Liability,0.3820884650309944
 After-tax net Interest Rate, Cash Flow to Sales,0.37995189683655417
 ROA(C) before interest and depreciation before interest, Cash Flow Per Share,0.3798394958767993
 Retained Earnings to Total Assets, CFO to Assets,0.37148755907084735
 Working Capital to Total Assets, Equity to Liability,0.36914861351408096
 Operating Profit Per Share (Yuan ¥), Operating profit per person,0.3670236675429692
 ROA(B) before interest and depreciation after tax, Cash Flow Per Share,0.36621644803405623
 Operating profit/Paid-in capital, Operating profit per person,0.3662149716032217
 Cash flow rate, Cash Flow to Liability,0.3648116740073055
 Working Capital to Total Assets, Current Liability to Assets,-0.3644534430834778
 Net Worth Turnover Rate (times), Current Assets/Total Assets,0.35848006210988964
 Net worth/Assets, Cash/Total Assets,0.3576054090590058
 Debt ratio %, Cash/Total Assets,-0.3576054090590014
 ROA(A) before interest and % after tax, Total expense/Assets,-0.3571466177246632
 Current Assets/Total Assets, Current Liability to Current Assets,-0.35419763312146724
 Cash flow rate, Cash Flow Per Share,0.35388285249501994
 Total Asset Turnover, Current Asset Turnover Rate,0.35382629063527965
 Cash/Total Assets, Cash Flow to Liability,0.3532695615199054
 Working Capital/Equity, Equity to Long-term Liability,-0.3531359369779791
 Current Liability to Assets, Current Liability to Equity,0.35298605755264995
 Current Liability to Assets, Current Liabilities/Equity,0.35298605755264995
 Contingent liabilities/Net worth, Net Income to Stockholder's Equity,-0.35261801473127663
 Current Liability to Assets, Current Liability to Current Assets,0.35183171867445406
 Persistent EPS in the Last Four Seasons, Operating profit per person,0.35158931763698764
 ROA(A) before interest and % after tax, Operating Funds to Liability,0.3511071393257873
 Cash flow rate, Total debt/Total net worth,0.3496392923237468
 Debt ratio %, Liability to Equity,0.34925009123273265
 Net worth/Assets, Liability to Equity,-0.3492500912327324
 Current Ratio, Current Liability to Current Assets,0.3476300360347476
 Net Value Per Share (B), Cash Flow Per Share,0.3469036875832033
 Net Value Per Share (A), Cash Flow Per Share,0.3465113551216647
 Net Value Per Share (C), Cash Flow Per Share,0.3462430819537998
 Cash flow rate, Cash Reinvestment %,0.34466032541119496
 Debt ratio %, Current Liability to Equity,0.343692399745309
 Debt ratio %, Current Liabilities/Equity,0.343692399745309
 Net worth/Assets, Current Liability to Equity,-0.3436923997453083
 Net worth/Assets, Current Liabilities/Equity,-0.3436923997453083
 Long-term fund suitability ratio (A), Allocation rate per person,0.3429249993049146
 Realized Sales Gross Margin, Cash flow rate,0.34143337532763984
 Operating Gross Margin, Cash flow rate,0.34118819323286653
 Operating Funds to Liability, Net Income to Total Assets,0.3411876353593914
 Cash flow rate, Gross Profit to Sales,0.34118642672899957
 Quick Assets/Total Assets, Current Liability to Current Assets,-0.3395498873353476
 Total debt/Total net worth, Equity to Liability,0.3388975878368911
 Operating Profit Per Share (Yuan ¥), CFO to Assets,0.3382062927917964
 Operating profit/Paid-in capital, CFO to Assets,0.3378722656158707
 Inventory and accounts receivable/Net value, Current Assets/Total Assets,0.3375469588424705
 Working Capital to Total Assets, Working Capital/Equity,0.33655510994464716
 ROA(C) before interest and depreciation before interest, Gross Profit to Sales,0.33472096865297146
 ROA(C) before interest and depreciation before interest, Operating Gross Margin,0.3347194402667809
 ROA(B) before interest and depreciation after tax, Gross Profit to Sales,0.3337502464181708
 ROA(B) before interest and depreciation after tax, Operating Gross Margin,0.33374856175520273
 Net profit before tax/Paid-in capital, Operating profit per person,0.3336602548043301
 Persistent EPS in the Last Four Seasons, CFO to Assets,0.3336357891696334
 Debt ratio %, Operating Funds to Liability,-0.33342917894984936
 Net worth/Assets, Operating Funds to Liability,0.333429178949849
 ROA(C) before interest and depreciation before interest, Realized Sales Gross Margin,0.3327553322930604
 Cash Flow to Total Assets, CFO to Assets,0.3324707706034644
 ROA(B) before interest and depreciation after tax, Realized Sales Gross Margin,0.3317554638381204
 Cash flow rate, Equity to Liability,0.33170984556989747
 Debt ratio %, Borrowing dependency,0.32910927456739913
 Net worth/Assets, Borrowing dependency,-0.32910927456739836
 Net Income to Total Assets, Net Income to Stockholder's Equity,0.3284918325444875
 ROA(A) before interest and % after tax, Gross Profit to Sales,0.3269713240866843
 ROA(A) before interest and % after tax, Operating Gross Margin,0.32696910848219873
 Operating Profit Growth Rate, Total Asset Return Growth Rate Ratio,0.3267204408249072
 ROA(A) before interest and % after tax, Cash Flow Per Share,0.32623906820913895
 Per Share Net profit before tax (Yuan ¥), Operating profit per person,0.3257825176229069
 ROA(A) before interest and % after tax, Realized Sales Gross Margin,0.32495592635663434
 ROA(A) before interest and % after tax, Operating profit per person,0.3249422301856487
 ROA(C) before interest and depreciation before interest, Cash flow rate,0.32348242228734264
 ROA(B) before interest and depreciation after tax, Cash flow rate,0.32304019267192186
 Fixed Assets Turnover Frequency, Quick Assets/Total Assets,-0.3226581129242112
 ROA(B) before interest and depreciation after tax, Total expense/Assets,-0.3222226208769201
 Total Asset Turnover, Current Liabilities/Liability,0.3219934905172589
 Total Asset Turnover, Current Liability to Liability,0.3219934905172589
 Cash Flow to Liability, Cash Flow to Equity,0.320612572847017
 Net profit before tax/Paid-in capital, CFO to Assets,0.3189906081772625
Bankrupt?, Net Income to Total Assets,-0.3154569716142993
 Per Share Net profit before tax (Yuan ¥), CFO to Assets,0.30820043723817536
 Operating profit per person, Net Income to Total Assets,0.306356404968621
 ROA(B) before interest and depreciation after tax, Operating profit per person,0.30452157603639973
 ROA(A) before interest and % after tax, Working Capital to Total Assets,0.30353176193441744
 ROA(C) before interest and depreciation before interest, Operating profit per person,0.30199620360175106
 Cash/Total Assets, Operating Funds to Liability,0.3004630499126927
 Net Income to Total Assets, Gross Profit to Sales,0.30014565104815477
 Operating Gross Margin, Net Income to Total Assets,0.3001433438115687
 Net Worth Turnover Rate (times), Quick Assets/Total Assets,0.2997910546270133
 Cash/Total Assets, Equity to Liability,0.2997323355227782
 Total Asset Turnover, Fixed Assets Turnover Frequency,-0.2994308263032388
 Realized Sales Gross Margin, Net Income to Total Assets,0.2981554805264561
 Working Capital to Total Assets, Net Income to Total Assets,0.29721718986644724
 ROA(C) before interest and depreciation before interest, Cash Reinvestment %,0.29615824007670183
 ROA(C) before interest and depreciation before interest, Total expense/Assets,-0.29601857052570146
 Contingent liabilities/Net worth, Cash Flow to Equity,-0.29582701426225194
 Cash Flow Per Share, Net Income to Total Assets,0.29225211913982624
 ROA(B) before interest and depreciation after tax, Cash Reinvestment %,0.29200793465343244
 ROA(A) before interest and % after tax, Net Income to Stockholder's Equity,0.29174356044164723
 Current Assets/Total Assets, Working Capital/Equity,0.2891621410191588
 ROA(A) before interest and % after tax, Cash flow rate,0.2884401925637313
 Cash/Total Assets, Cash Turnover Rate,-0.28755944277241813
 Cash/Total Assets, Current Liability to Current Assets,-0.2866911199739005
 Current Liability to Assets, Liability to Equity,0.2863983918019422
 Fixed Assets Turnover Frequency, Current Liability to Liability,-0.28540138745128696
 Fixed Assets Turnover Frequency, Current Liabilities/Liability,-0.28540138745128696
 Cash flow rate, Debt ratio %,-0.28500973046116695
 Cash flow rate, Net worth/Assets,0.2850097304611655
Bankrupt?, ROA(A) before interest and % after tax,-0.2829405849344887
 Operating Profit Per Share (Yuan ¥), Total Asset Turnover,0.28259079343435867
 Cash/Total Assets, CFO to Assets,0.2818317905382732
 Operating profit/Paid-in capital, Total Asset Turnover,0.28143544177811863
 Net worth/Assets, Net Income to Total Assets,0.28142229331839036
 Debt ratio %, Net Income to Total Assets,-0.281422293318387
 Cash flow rate, Net Income to Total Assets,0.281309043670244
 ROA(B) before interest and depreciation after tax, Net Income to Stockholder's Equity,0.2806167235865124
 Cash flow rate, Current Liability to Assets,-0.27821787471250586
 Cash/Total Assets, Cash Flow to Equity,0.27730338745399175
 Revenue Per Share (Yuan ¥), Revenue per person,0.27574191418120936
 ROA(C) before interest and depreciation before interest, Net Income to Stockholder's Equity,0.27428715343407656
 Current Liability to Assets, Operating Funds to Liability,-0.27370421193679173
 Operating Funds to Liability, Cash Flow to Total Assets,0.27359772421676165
 Net Worth Turnover Rate (times), Liability to Equity,0.2735532875237196
Bankrupt?, ROA(B) before interest and depreciation after tax,-0.2730513178632932
 Net Worth Turnover Rate (times), Current Asset Turnover Rate,0.271283846543415
 Fixed Assets Turnover Frequency, Working Capital to Total Assets,-0.2709360946953482
 Current Liabilities/Equity, Liability-Assets Flag,-0.2685583267584921
 Current Liability to Equity, Liability-Assets Flag,-0.2685583267584921
 Net worth/Assets, CFO to Assets,0.2681594110948347
 Debt ratio %, CFO to Assets,-0.26815941109483304
 Operating Profit Per Share (Yuan ¥), Gross Profit to Sales,0.26794552281578937
 Operating Gross Margin, Operating Profit Per Share (Yuan ¥),0.2679443093216239
 Net Worth Turnover Rate (times), Current Liabilities/Equity,0.267816393791497
 Net Worth Turnover Rate (times), Current Liability to Equity,0.267816393791497
 Operating profit/Paid-in capital, Gross Profit to Sales,0.26741216477906016
 Operating Gross Margin, Operating profit/Paid-in capital,0.26741096253594326
 Realized Sales Gross Margin, Operating Profit Per Share (Yuan ¥),0.2670205133672563
 Operating Profit Per Share (Yuan ¥), Quick Assets/Total Assets,0.26663683654526077
 Realized Sales Gross Margin, Operating profit/Paid-in capital,0.2664831677499957
 Operating Profit Per Share (Yuan ¥), Working Capital to Total Assets,0.26617670125801995
 Operating profit/Paid-in capital, Quick Assets/Total Assets,0.2660904466081166
 Total debt/Total net worth, Operating Funds to Liability,0.26584326312402334
 ROA(B) before interest and depreciation after tax, Net worth/Assets,0.2647344453788664
 ROA(B) before interest and depreciation after tax, Debt ratio %,-0.2647344453788638
 Operating profit/Paid-in capital, Working Capital to Total Assets,0.26461653453757666
 Operating Funds to Liability, Retained Earnings to Total Assets,0.26440336680788246
 Revenue Per Share (Yuan ¥), Accounts Receivable Turnover,0.26434561993395955
 ROA(A) before interest and % after tax, Cash Reinvestment %,0.26361459222607825
 ROA(A) before interest and % after tax, Cash Flow to Total Assets,0.2635913677734348
 ROA(C) before interest and depreciation before interest, Cash Flow to Total Assets,0.26245437964267704
 Current Liability to Current Assets, Equity to Liability,-0.2621989921947065
 Net Value Per Share (C), Operating profit per person,0.2614770697993177
 ROA(C) before interest and depreciation before interest, Net worth/Assets,0.26142664406978483
 ROA(C) before interest and depreciation before interest, Debt ratio %,-0.26142664406978156
 Net Value Per Share (A), Operating profit per person,0.261380645206608
 Net Value Per Share (B), Operating profit per person,0.2613303923224967
Bankrupt?, ROA(C) before interest and depreciation before interest,-0.2608065575202612
 Operating Profit Per Share (Yuan ¥), Current Assets/Total Assets,0.26050054480306717
 ROA(B) before interest and depreciation after tax, Working Capital to Total Assets,0.26015086430071904
 ROA(A) before interest and % after tax, Net worth/Assets,0.25997190857234914
 ROA(A) before interest and % after tax, Debt ratio %,-0.25997190857234675
 Borrowing dependency, Liability-Assets Flag,-0.2597020276187719
 ROA(C) before interest and depreciation before interest, Working Capital to Total Assets,0.25967961643542087
 Operating profit/Paid-in capital, Current Assets/Total Assets,0.25941051875613247
 ROA(B) before interest and depreciation after tax, Cash Flow to Total Assets,0.25842782545720083
 Persistent EPS in the Last Four Seasons, Gross Profit to Sales,0.25672288890240513
 Operating Gross Margin, Persistent EPS in the Last Four Seasons,0.2567218413636715
 Working Capital/Equity, Cash Flow to Equity,0.2566783199958486
 Quick Assets/Total Assets, Cash Flow to Total Assets,0.25492940018552324
 Cash Flow to Total Assets, Net Income to Total Assets,0.25489847924329784
 Continuous interest rate (after tax), Cash Flow to Sales,0.25488567503421233
 Realized Sales Gross Margin, Persistent EPS in the Last Four Seasons,0.2547527168029597
 Cash Flow Per Share, Cash/Total Assets,0.2536100368128773
 Persistent EPS in the Last Four Seasons, Working Capital to Total Assets,0.25318805352937235
 Current Liability to Assets, CFO to Assets,-0.25277785855328183
 Cash Reinvestment %, Net Income to Total Assets,0.2527158676453412
 Total Asset Turnover, Quick Asset Turnover Rate,0.25255836224792555
 Working Capital to Total Assets, Current Liabilities/Liability,0.2515019005297947
 Working Capital to Total Assets, Current Liability to Liability,0.2515019005297947
 ROA(C) before interest and depreciation before interest, Tax rate (A),0.2507607624517998
Bankrupt?, Net worth/Assets,-0.25016096206661936
Bankrupt?, Debt ratio %,0.2501609620666178
 Net Value Per Share (A), Net worth/Assets,0.24992503448619618
 Net Value Per Share (A), Debt ratio %,-0.2499250344861909
 Net Value Per Share (C), Net worth/Assets,0.24946272821374313
 Net Value Per Share (C), Debt ratio %,-0.24946272821373752
 Operating Expense Rate, Total expense/Assets,-0.24942591956785537
 Net Value Per Share (B), Net worth/Assets,0.24914641316406208
 Net Value Per Share (B), Debt ratio %,-0.24914641316405592
 Persistent EPS in the Last Four Seasons, Operating Funds to Liability,0.2482409566655466
 Net profit before tax/Paid-in capital, Gross Profit to Sales,0.2481055447550439
 Operating Gross Margin, Net profit before tax/Paid-in capital,0.24810434265088704
 Cash Reinvestment %, Cash Flow to Total Assets,0.24781407201539904
 Per Share Net profit before tax (Yuan ¥), Gross Profit to Sales,0.2477910336527062
 Operating Gross Margin, Per Share Net profit before tax (Yuan ¥),0.24778948847138316
 Retained Earnings to Total Assets, Net Income to Stockholder's Equity,0.24770715733115753
 Current Liability to Current Assets, Liability-Assets Flag,0.24715752456674708
 Operating Gross Margin, Operating Funds to Liability,0.24683418511029323
 Operating Funds to Liability, Gross Profit to Sales,0.24683288932387107
 Cash Flow Per Share, Cash Flow to Total Assets,0.2467912530521782
 Realized Sales Gross Margin, Operating Funds to Liability,0.24678135371762597
 Working Capital to Total Assets, Gross Profit to Sales,0.2463079745771768
 Operating Gross Margin, Working Capital to Total Assets,0.24630436553881527
 Realized Sales Gross Margin, Net profit before tax/Paid-in capital,0.24625617074886058
 Realized Sales Gross Margin, Working Capital to Total Assets,0.24622072513777377
 Realized Sales Gross Margin, Per Share Net profit before tax (Yuan ¥),0.24600412626503426
 Net profit before tax/Paid-in capital, Working Capital to Total Assets,0.24582108004884495
 Operating Profit Per Share (Yuan ¥), Operating Funds to Liability,0.24570060928587942
 Realized Sales Gross Margin, Debt ratio %,-0.245606241737665
 Realized Sales Gross Margin, Net worth/Assets,0.24560624173766474
 Net worth/Assets, Gross Profit to Sales,0.24546113228878058
 Debt ratio %, Gross Profit to Sales,-0.2454611322887805
 Operating Gross Margin, Debt ratio %,-0.2454602124203221
 Operating Gross Margin, Net worth/Assets,0.2454602124203213
 Operating profit/Paid-in capital, Operating Funds to Liability,0.24529836535568542
 Debt ratio %, Equity to Long-term Liability,0.24497414060152525
 Net worth/Assets, Equity to Long-term Liability,-0.24497414060152478
 After-tax net Interest Rate, Working capitcal Turnover Rate,0.2449109430935141
 Cash/Total Assets, Current Liabilities/Liability,0.24361547395027733
 Cash/Total Assets, Current Liability to Liability,0.24361547395027733
 Inventory and accounts receivable/Net value, Total Asset Turnover,0.24305698129231892
 Quick Assets/Total Assets, Total expense/Assets,0.2428339191705772
 Realized Sales Gross Margin, Cash/Total Assets,0.24235333034957662
 Operating Gross Margin, Cash/Total Assets,0.24194649753751082
 Cash/Total Assets, Gross Profit to Sales,0.24194467518555704
 Persistent EPS in the Last Four Seasons, Cash/Total Assets,0.24095572556389822
 Per Share Net profit before tax (Yuan ¥), Working Capital to Total Assets,0.23843485298669606
 Debt ratio %, Total Asset Turnover,0.23745791785727727
 Net worth/Assets, Total Asset Turnover,-0.2374579178572711
 Non-industry income and expenditure/revenue, Accounts Receivable Turnover,0.23689692641891685
 Operating Profit Per Share (Yuan ¥), Cash/Total Assets,0.23688825545634112
 Operating profit/Paid-in capital, Cash/Total Assets,0.23576681890936246
 Net Value Per Share (B), Total expense/Assets,-0.2355728921294604
 Net worth/Assets, Retained Earnings to Total Assets,0.23542339805174756
 Debt ratio %, Retained Earnings to Total Assets,-0.23542339805174636
 ROA(C) before interest and depreciation before interest, Cash/Total Assets,0.2353144269698862
 Accounts Receivable Turnover, Inventory/Working Capital,0.23519620885587603
 Net Value Per Share (C), Total expense/Assets,-0.23506172766337147
 Net Value Per Share (A), Total expense/Assets,-0.23487828308471273
 Current Liabilities/Liability, Equity to Long-term Liability,-0.23445394462420532
 Current Liability to Liability, Equity to Long-term Liability,-0.23445394462420532
 Cash/Total Assets, Quick Asset Turnover Rate,-0.23416047572990067
 Working Capital to Total Assets, Cash Flow to Total Assets,0.23395766360747866
 Pre-tax net Interest Rate, Cash Flow to Sales,0.23367526077074172
 Operating profit per person, Retained Earnings to Total Assets,0.23358177200312485
 Revenue Per Share (Yuan ¥), Equity to Liability,0.2332025162980015
 Net profit before tax/Paid-in capital, Operating Funds to Liability,0.23319228211697599
 Tax rate (A), Net Income to Total Assets,0.23121042183360685
 Cash Flow to Equity, Liability to Equity,-0.23110698972442317
 Net Value Per Share (B), CFO to Assets,0.23081419530533298
 Non-industry income and expenditure/revenue, Continuous interest rate (after tax),-0.23069757019021386
 Net Value Per Share (A), CFO to Assets,0.23062914354186753
 Net Value Per Share (C), CFO to Assets,0.23034230153610818
 Per Share Net profit before tax (Yuan ¥), Total Asset Turnover,0.23032479266849087
 Borrowing dependency, Current Liability to Assets,0.2298252659722946
 Operating Profit Rate, Working capitcal Turnover Rate,-0.2295681861578848
 Liability-Assets Flag, Liability to Equity,-0.22955938388411282
 Net profit before tax/Paid-in capital, Cash/Total Assets,0.22836485952027602
 Cash flow rate, Cash/Total Assets,0.2280272697069621
 ROA(B) before interest and depreciation after tax, Cash/Total Assets,0.2271444294032957
 Operating Gross Margin, CFO to Assets,0.2269900273220125
 CFO to Assets, Gross Profit to Sales,0.2269899536658154
 Realized Sales Gross Margin, CFO to Assets,0.22691188832702164
 Net Worth Turnover Rate (times), Equity to Liability,-0.22645590038197047
 Realized Sales Gross Margin, Total expense/Assets,0.22616984198750323
 ROA(A) before interest and % after tax, Tax rate (A),0.22589681886099452
 Cash Flow Per Share, Retained Earnings to Total Assets,0.22555724861365012
 Operating Gross Margin, Total expense/Assets,0.22547934895446184
 Total expense/Assets, Gross Profit to Sales,0.22547797281330978
 Non-industry income and expenditure/revenue, Revenue per person,-0.2250315884178453
 Operating profit per person, Gross Profit to Sales,0.2249795015169238
 Operating Gross Margin, Operating profit per person,0.2249758407801445
 Cash flow rate, Cash Flow to Total Assets,0.22478612692296635
 Realized Sales Gross Margin, Operating profit per person,0.2244578962519728
 Per Share Net profit before tax (Yuan ¥), Cash Flow to Total Assets,0.22439197472048922
 After-tax Net Profit Growth Rate, Total Asset Return Growth Rate Ratio,0.2239189393155942
 ROA(A) before interest and % after tax, Total Asset Turnover,0.22352765921308076
 Cash flow rate, Retained Earnings to Total Assets,0.22325166696490575
 Net Worth Turnover Rate (times), Equity to Long-term Liability,0.22324009955158816
 Regular Net Profit Growth Rate, Total Asset Return Growth Rate Ratio,0.22310572431653908
 Persistent EPS in the Last Four Seasons, Net Income to Stockholder's Equity,0.22296142854477272
 Quick Assets/Total Assets, Working Capital/Equity,0.22293195761050363
 Per Share Net profit before tax (Yuan ¥), Cash/Total Assets,0.22292548886083277
 Net profit before tax/Paid-in capital, Quick Assets/Total Assets,0.2226386276991821
 Per Share Net profit before tax (Yuan ¥), Operating Funds to Liability,0.2224739396262184
 Persistent EPS in the Last Four Seasons, Cash Flow to Total Assets,0.22237830873630196
 Net profit before tax/Paid-in capital, Total Asset Turnover,0.22110493312293636
 Pre-tax net Interest Rate, Non-industry income and expenditure/revenue,-0.2200446549912165
Bankrupt?, Persistent EPS in the Last Four Seasons,-0.21955968119078753
 Per Share Net profit before tax (Yuan ¥), Quick Assets/Total Assets,0.21926718765779749
 Equity to Long-term Liability, Cash Flow to Equity,-0.21899857095491512
 Net profit before tax/Paid-in capital, Cash Flow to Total Assets,0.21867286110445264
 Operating Profit Per Share (Yuan ¥), Cash Flow to Total Assets,0.21851108552213866
 Per Share Net profit before tax (Yuan ¥), Net Income to Stockholder's Equity,0.2183887074062736
 ROA(A) before interest and % after tax, Cash/Total Assets,0.2179178604877669
Bankrupt?, Retained Earnings to Total Assets,-0.2177787799871236
 Quick Assets/Total Assets, Quick Asset Turnover Rate,-0.21728067972772294
 Working Capital to Total Assets, Retained Earnings to Total Assets,0.21718855376358154
 ROA(B) before interest and depreciation after tax, Current Liability to Assets,-0.2171857918631258
 Operating profit per person, Current Assets/Total Assets,0.21707064973713222
 Cash/Total Assets, Current Liability to Assets,-0.21657976875927884
 Operating profit/Paid-in capital, Cash Flow to Total Assets,0.21637808413865597
 Net profit before tax/Paid-in capital, Net Income to Stockholder's Equity,0.21569030891027055
 Persistent EPS in the Last Four Seasons, Quick Assets/Total Assets,0.21509722531267378
 Persistent EPS in the Last Four Seasons, Total Asset Turnover,0.21470981312551832
 Cash Flow to Liability, CFO to Assets,0.21411578481593396
 Current Liability to Assets, Net Income to Total Assets,-0.21408478018168048
 Tax rate (A), Retained Earnings to Total Assets,0.21220442470616374
 Total Asset Turnover, Working Capital to Total Assets,0.21115607875480524
 Working Capital to Total Assets, Operating Funds to Liability,0.21093792144059023
 ROA(C) before interest and depreciation before interest, Total Asset Turnover,0.21062225533830098
 ROA(C) before interest and depreciation before interest, Current Liability to Assets,-0.21025644141724883
 Tax rate (A), Net profit before tax/Paid-in capital,0.20989788802850723
 Net Worth Turnover Rate (times), Quick Asset Turnover Rate,0.20955939009744456
 Tax rate (A), Per Share Net profit before tax (Yuan ¥),0.2087630136600531
 Working Capital to Total Assets, Quick Asset Turnover Rate,-0.20868211598299485
Bankrupt?, Net profit before tax/Paid-in capital,-0.20785651999287658
 Realized Sales Gross Margin, Operating Expense Rate,-0.2064385729334573
 Operating Expense Rate, Gross Profit to Sales,-0.20635374689724695
 Operating Gross Margin, Operating Expense Rate,-0.2063530244479996
 Cash Reinvestment %, Retained Earnings to Total Assets,0.20594434394660474
 Operating Profit Per Share (Yuan ¥), Cash Reinvestment %,0.20579202426442098
 Inventory and accounts receivable/Net value, Equity to Liability,-0.2051831680939886
 Current Liabilities/Equity, Cash Flow to Equity,-0.20463233156374994
 Current Liability to Equity, Cash Flow to Equity,-0.20463233156374994
 Inventory and accounts receivable/Net value, Liability-Assets Flag,-0.2044995354903101
 Cash Reinvestment %, Operating profit/Paid-in capital,0.20360327494240438
 Net worth/Assets, Quick Asset Turnover Rate,-0.20337018413514676
 Debt ratio %, Quick Asset Turnover Rate,0.20337018413514438
 Debt ratio %, Liability-Assets Flag,0.20315482971582285
 Net worth/Assets, Liability-Assets Flag,-0.20315482971582213
 Current Assets/Total Assets, Cash Flow to Total Assets,0.20290710007929902
 Quick Assets/Current Liability, Current Liability to Current Assets,0.20288283442023022
 Current Liability to Current Assets, Net Income to Total Assets,-0.2027511547883051
 Cash Flow to Sales, Current Liability to Current Assets,-0.2025092715875733
 ROA(A) before interest and % after tax, Quick Assets/Total Assets,0.20201698796954295
 Cash flow rate, Revenue Per Share (Yuan ¥),0.20167912485839917
Bankrupt?, Per Share Net profit before tax (Yuan ¥),-0.2013948344528659
 Cash Flow Per Share, Cash Flow to Equity,0.19967461060071645
 Net Value Per Share (A), Working Capital to Total Assets,0.19959825358392883
 Net Value Per Share (C), Working Capital to Total Assets,0.1994746158451291
 Net Value Per Share (A), Current Liability to Assets,-0.19908604039615457
 Net Value Per Share (C), Current Liability to Assets,-0.19872056785078238
 Net Value Per Share (B), Working Capital to Total Assets,0.19861997552978586
 Current Liability to Assets, Retained Earnings to Total Assets,-0.19855256830186813
 Net Value Per Share (B), Current Liability to Assets,-0.19854591464254798
 Total Asset Turnover, Equity to Liability,-0.1984853202936262
 Current Liability to Assets, Gross Profit to Sales,-0.1980277473642425
 Operating Gross Margin, Current Liability to Assets,-0.19802660995561544
 Realized Sales Gross Margin, Current Liability to Assets,-0.19784246960529026
 Cash flow rate, Persistent EPS in the Last Four Seasons,0.19770478883585862
 Tax rate (A), Operating Profit Per Share (Yuan ¥),0.19746703524596457
 Tax rate (A), Operating profit/Paid-in capital,0.19741924433073085
 Working capitcal Turnover Rate, Current Liability to Current Assets,-0.19734806189359458
 ROA(B) before interest and depreciation after tax, Tax rate (A),0.1973440417032766
 Net Value Per Share (B), Operating Funds to Liability,0.19596471868790336
 Net Value Per Share (A), Operating Funds to Liability,0.1959029585934216
 Cash Reinvestment %, Inventory and accounts receivable/Net value,-0.1958986264701728
 ROA(A) before interest and % after tax, Current Liability to Current Assets,-0.19567314671809716
 Cash/Total Assets, Net Income to Total Assets,0.19565215407263167
 Net Value Per Share (C), Operating Funds to Liability,0.19562127778333982
 Operating Expense Rate, Total Asset Turnover,0.1950633252243272
 ROA(B) before interest and depreciation after tax, Total Asset Turnover,0.19480995007156543
Bankrupt?, Current Liability to Assets,0.19449443585543952
 Current Assets/Total Assets, Total expense/Assets,0.19439889232938495
 Net Worth Turnover Rate (times), Current Liabilities/Liability,0.19403101282376514
 Net Worth Turnover Rate (times), Current Liability to Liability,0.19403101282376514
 Tax rate (A), Total Asset Turnover,0.1936363722183143
 Borrowing dependency, Cash Flow to Equity,-0.19354336534402483
Bankrupt?, Working Capital to Total Assets,-0.1930833758241345
 Liability-Assets Flag, Net Income to Stockholder's Equity,0.19268818806170723
 Borrowing dependency, Working Capital to Total Assets,-0.1925542189250347
 Total expense/Assets, Current Liability to Liability,0.19215284072589262
 Current Liabilities/Liability, Total expense/Assets,0.19215284072589256
 Cash flow rate, Operating Profit Per Share (Yuan ¥),0.1919743536721581
 Cash flow rate, Operating profit/Paid-in capital,0.19172314295643778
 Total expense/Assets, Net Income to Stockholder's Equity,-0.19070035991289164
 ROA(A) before interest and % after tax, Current Liability to Assets,-0.1905005081335924
 Retained Earnings to Total Assets, Cash Flow to Total Assets,0.18964188685103003
 Total Asset Turnover, Net Income to Total Assets,0.18877377804729895
 Quick Assets/Current Liability, Liability-Assets Flag,0.18750973731199178
 Cash Flow Per Share, Total Asset Return Growth Rate Ratio,-0.18741814202416307
 Cash flow rate, Net profit before tax/Paid-in capital,0.18661942405919477
 Net Value Per Share (A), Cash/Total Assets,0.18563101547514438
 Net Value Per Share (B), Cash/Total Assets,0.1856208160465197
 Cash Reinvestment %, Borrowing dependency,-0.18544584652757978
 Net Value Per Share (C), Cash/Total Assets,0.1852999602087135
 Cash/Total Assets, Total expense/Assets,0.1849439939852823
 Revenue Per Share (Yuan ¥), Working capitcal Turnover Rate,0.18491598872150028
 Working Capital to Total Assets, Current Asset Turnover Rate,-0.18452734401765164
 Current Liability to Assets, Liability-Assets Flag,0.1843881944718621
 Fixed Assets Turnover Frequency, Net Worth Turnover Rate (times),-0.18370967487972722
 Operating Profit Per Share (Yuan ¥), Net Income to Stockholder's Equity,0.18360095946302407
 ROA(C) before interest and depreciation before interest, Quick Assets/Total Assets,0.18199302918474922
 CFO to Assets, Cash Flow to Equity,0.1812982691872252
 Operating profit/Paid-in capital, Net Income to Stockholder's Equity,0.18114966360654838
Bankrupt?, Net Income to Stockholder's Equity,-0.18098698840395144
 Cash Flow to Equity, Net Income to Stockholder's Equity,0.18066591724171222
 Long-term fund suitability ratio (A), Operating profit per person,0.17872026369526098
 Net profit before tax/Paid-in capital, Current Assets/Total Assets,0.1784094920342624
 Persistent EPS in the Last Four Seasons, Total expense/Assets,-0.177995923911056
 Borrowing dependency, Net Income to Total Assets,-0.17778113319507574
 Working Capital to Total Assets, Liability to Equity,-0.17764512796057244
 Persistent EPS in the Last Four Seasons, Net worth/Assets,0.1774289262850658
 Persistent EPS in the Last Four Seasons, Debt ratio %,-0.17742892628506166
 Borrowing dependency, Net Worth Turnover Rate (times),0.17733725246329632
 Inventory Turnover Rate (times), Current Asset Turnover Rate,-0.17729905448598218
 Cash flow rate, Per Share Net profit before tax (Yuan ¥),0.1770077704964003
 Persistent EPS in the Last Four Seasons, Current Assets/Total Assets,0.17693073714768848
Bankrupt?, Borrowing dependency,0.17654293616159938
 Working Capital/Equity, Current Liability to Current Assets,-0.1763895919440854
 Working Capital to Total Assets, Cash Flow to Liability,0.17626460831811577
 Quick Assets/Total Assets, Net Income to Total Assets,0.17608633509787175
 Per Share Net profit before tax (Yuan ¥), Current Assets/Total Assets,0.17578360204086133
 Net profit before tax/Paid-in capital, Total expense/Assets,-0.17481485795109367
 Retained Earnings to Total Assets, Current Liability to Current Assets,-0.17474173672571178
 Net Worth Turnover Rate (times), Liability-Assets Flag,0.17257754728326136
 Total Asset Turnover, Total expense/Assets,0.1713857996306956
Bankrupt?, Current Liability to Current Assets,0.1713060435218053
 Operating Expense Rate, Current Asset Turnover Rate,0.1707755572247663
 Retained Earnings to Total Assets, Total assets to GNP price,-0.17015641508796187
 Tax rate (A), Persistent EPS in the Last Four Seasons,0.16934503032145556
 Liability-Assets Flag, Net Income to Total Assets,-0.16910372426055265
 Per Share Net profit before tax (Yuan ¥), Cash Reinvestment %,0.1681599290262921
 Inventory and accounts receivable/Net value, CFO to Assets,-0.16802848154013034
 Cash Reinvestment %, Cash/Total Assets,0.16765148041306052
 Cash Reinvestment %, Current Liabilities/Equity,-0.16759359147303649
 Cash Reinvestment %, Current Liability to Equity,-0.16759359147303649
Bankrupt?, Liability to Equity,0.166812097781114
 After-tax net Interest Rate, Current Liability to Current Assets,-0.16645295306480226
 ROA(B) before interest and depreciation after tax, Quick Assets/Total Assets,0.1663110848541781
Bankrupt?, Net Value Per Share (A),-0.16546475875891817
Bankrupt?, Net Value Per Share (B),-0.16539902110860746
 Persistent EPS in the Last Four Seasons, Cash Reinvestment %,0.16522354807014875
 Operating Expense Rate, Net Worth Turnover Rate (times),0.16513480047562482
 Net Value Per Share (A), Current Liability to Current Assets,-0.165083327299783
 Net Value Per Share (C), Current Liability to Current Assets,-0.16501063322480702
Bankrupt?, Net Value Per Share (C),-0.16478392354117982
 Retained Earnings to Total Assets, Gross Profit to Sales,0.1645826464116309
 Operating Gross Margin, Retained Earnings to Total Assets,0.16457917513696993
 Net Value Per Share (B), Current Liability to Current Assets,-0.16436658657583528
 Net worth/Assets, Net profit before tax/Paid-in capital,0.1641104640434484
 Debt ratio %, Net profit before tax/Paid-in capital,-0.16411046404344407
 Operating Gross Margin, Cash Flow Per Share,0.16319159818749424
 Cash Flow Per Share, Gross Profit to Sales,0.16319025538771179
 Realized Sales Gross Margin, Cash Flow Per Share,0.1631628504316664
 Realized Sales Gross Margin, Retained Earnings to Total Assets,0.1630131242385065
 ROA(B) before interest and depreciation after tax, Current Liability to Current Assets,-0.1625720472370656
 Cash Reinvestment %, Net Income to Stockholder's Equity,0.16247321599696424
 Current Liability to Assets, Quick Asset Turnover Rate,0.16241798908027905
 ROA(A) before interest and % after tax, Borrowing dependency,-0.16186813000086
 ROA(C) before interest and depreciation before interest, Borrowing dependency,-0.1616714777047171
 Working Capital to Total Assets, Current Liability to Equity,-0.16158029662222922
 Working Capital to Total Assets, Current Liabilities/Equity,-0.16158029662222922
 Cash flow rate, Working Capital to Total Assets,0.16152019741982193
 Quick Assets/Total Assets, Cash Flow to Liability,0.1614556772844465
 Retained Earnings to Total Assets, Liability-Assets Flag,-0.16077396140341718
 ROA(C) before interest and depreciation before interest, Current Liability to Current Assets,-0.16072518610532824
 Working Capital/Equity, Liability-Assets Flag,0.16030696189768484
 Inventory and accounts receivable/Net value, Cash Flow to Equity,-0.15992005169449341
 Operating profit per person, Working Capital to Total Assets,0.15970602921642713
 ROA(C) before interest and depreciation before interest, Cash Flow to Liability,0.15969923474494538
 Net Income to Total Assets, Liability to Equity,-0.1596965181019577
 Liability to Equity, Equity to Liability,-0.15965407932497527
 Per Share Net profit before tax (Yuan ¥), Net worth/Assets,0.15889693675253852
 Per Share Net profit before tax (Yuan ¥), Debt ratio %,-0.1588969367525344
 Cash Reinvestment %, Net profit before tax/Paid-in capital,0.1586749159397427
 ROA(B) before interest and depreciation after tax, Borrowing dependency,-0.15861834713763856
 Cash flow rate, Net Value Per Share (A),0.15851985311228994
 Cash flow rate, Net Value Per Share (B),0.15847093115945335
 Cash flow rate, Net Value Per Share (C),0.15825466590357462
 Cash Flow Per Share, Net worth/Assets,0.15811744909893302
 Cash Flow Per Share, Debt ratio %,-0.15811744909893
 Fixed Assets Turnover Frequency, Current Liability to Assets,-0.15752162082676902
 ROA(A) before interest and % after tax, Cash Flow to Liability,0.15706527436901582
 ROA(B) before interest and depreciation after tax, Cash Flow to Liability,0.1570220914690201
 ROA(A) before interest and % after tax, Current Assets/Total Assets,0.15700483953385552
 Revenue Per Share (Yuan ¥), Cash Flow to Liability,0.15696562212996265
 Per Share Net profit before tax (Yuan ¥), Total expense/Assets,-0.15695409755657752
 Quick Asset Turnover Rate, Equity to Liability,-0.15695396982333784
 ROA(A) before interest and % after tax, Liability-Assets Flag,-0.15689016313955276
 Quick Asset Turnover Rate, Cash Turnover Rate,0.15648994566507288
 Current Liabilities/Equity, Equity to Liability,-0.15644310208684456
 Current Liability to Equity, Equity to Liability,-0.15644310208684456
 Persistent EPS in the Last Four Seasons, Current Liability to Current Assets,-0.154689802635925
 Operating Expense Rate, Quick Asset Turnover Rate,0.15393595859843834
Bankrupt?, Current Liability to Equity,0.15382836190696922
Bankrupt?, Current Liabilities/Equity,0.15382836190696922
 Net profit before tax/Paid-in capital, Current Liability to Current Assets,-0.153718630981498
 Operating Gross Margin, Quick Assets/Total Assets,0.15285042793377684
 Quick Assets/Total Assets, Gross Profit to Sales,0.15285006847437135
 Realized Sales Gross Margin, Quick Assets/Total Assets,0.15280480543186803
 Quick Assets/Total Assets, Current Liability to Assets,0.1523783664550586
 Total Asset Turnover, Inventory Turnover Rate (times),-0.1522982954693162
 Quick Ratio, Cash/Current Liability,0.15198717143276533
 Current Liability to Equity, Net Income to Total Assets,-0.15031939746781242
 Current Liabilities/Equity, Net Income to Total Assets,-0.15031939746781242
 Total debt/Total net worth, Cash Flow to Liability,0.14928533710111974
 Inventory and accounts receivable/Net value, Current Liabilities/Liability,0.1491865943223296
 Inventory and accounts receivable/Net value, Current Liability to Liability,0.1491865943223296
 Working Capital to Total Assets, Liability-Assets Flag,-0.1490849633628684
 Net Value Per Share (C), Net Income to Stockholder's Equity,0.14890552163280557
 Net Value Per Share (A), Net Income to Stockholder's Equity,0.1488715298904665
 Per Share Net profit before tax (Yuan ¥), Current Liability to Current Assets,-0.14872081191207645
 Net Value Per Share (B), Net Income to Stockholder's Equity,0.148693345270684
 Quick Assets/Total Assets, Cash Flow to Equity,0.14866672233184622
 Cash Flow Per Share, Current Liability to Assets,-0.14771714733359345
Bankrupt?, Working Capital/Equity,-0.14722087653968835
 Operating profit per person, Total expense/Assets,-0.1468461166494969
 After-tax net Interest Rate, Revenue per person,-0.1466708475223718
 Borrowing dependency, Equity to Liability,-0.14601204847542928
 Operating Profit Per Share (Yuan ¥), Current Liability to Current Assets,-0.14574060714794634
 Cash Turnover Rate, Equity to Liability,-0.14570974637900042
 Net Value Per Share (C), Gross Profit to Sales,0.1450575889706525
 Operating Gross Margin, Net Value Per Share (C),0.14505661057459368
 Net Value Per Share (A), Gross Profit to Sales,0.14503239803836737
 Operating Gross Margin, Net Value Per Share (A),0.14503138542952232
 Pre-tax net Interest Rate, Revenue per person,-0.14495602978669908
 Net Value Per Share (B), Gross Profit to Sales,0.14466160049902774
 Operating Gross Margin, Net Value Per Share (B),0.14466055484366436
 Operating profit/Paid-in capital, Current Liability to Current Assets,-0.1442308664911053
 Cash/Total Assets, Working Capital/Equity,0.14420917244884054
 Persistent EPS in the Last Four Seasons, Borrowing dependency,-0.1441381817381026
 Cash Turnover Rate, Cash Flow to Total Assets,-0.14408695920160391
 Operating Expense Rate, Debt ratio %,0.14383348737630805
 Operating Expense Rate, Net worth/Assets,-0.14383348737630733
 ROA(C) before interest and depreciation before interest, Liability to Equity,-0.1436294810944036
 Realized Sales Gross Margin, Net Value Per Share (C),0.14328752047915627
 Realized Sales Gross Margin, Net Value Per Share (A),0.14326213556382766
 Net Value Per Share (C), Cash Flow to Total Assets,0.14301724147098416
 Net Value Per Share (A), Cash Flow to Total Assets,0.14292996579527195
 Net Value Per Share (B), Cash Flow to Total Assets,0.14292512696281257
 Realized Sales Gross Margin, Net Value Per Share (B),0.1428870846181402
 ROA(B) before interest and depreciation after tax, Current Liabilities/Equity,-0.14287931566011863
 ROA(B) before interest and depreciation after tax, Current Liability to Equity,-0.14287931566011863
 ROA(B) before interest and depreciation after tax, Liability to Equity,-0.14283841432395114
 ROA(C) before interest and depreciation before interest, Current Liability to Equity,-0.14273355888520847
 ROA(C) before interest and depreciation before interest, Current Liabilities/Equity,-0.14273355888520847
 Allocation rate per person, Fixed Assets to Assets,0.14265304401723158
 Fixed Assets Turnover Frequency, Current Liability to Current Assets,0.14258910511499565
 Cash Flow to Liability, Net Income to Total Assets,0.14256673332107397
 Operating profit/Paid-in capital, Net Worth Turnover Rate (times),0.14256125964140182
 Operating Profit Per Share (Yuan ¥), Net Worth Turnover Rate (times),0.1424353022053123
 Per Share Net profit before tax (Yuan ¥), Borrowing dependency,-0.1421380773635774
Bankrupt?, Operating Profit Per Share (Yuan ¥),-0.1420505822212489
Bankrupt?, Operating profit/Paid-in capital,-0.14111132382885747
 ROA(A) before interest and % after tax, Liability to Equity,-0.14103916780283204
 Working Capital to Total Assets, Cash Turnover Rate,-0.1409984649909411
 Continuous interest rate (after tax), Current Liability to Current Assets,-0.14026353680977413
 Operating Funds to Liability, Current Liability to Current Assets,-0.13971804799893942
 Working Capital to Total Assets, Equity to Long-term Liability,-0.1392936460754242
Bankrupt?, Liability-Assets Flag,0.13921155938203358
Bankrupt?, Total expense/Assets,0.139049215966205
Bankrupt?, Equity to Long-term Liability,0.139013572544475
 Debt ratio %, Cash Turnover Rate,0.13893358476269985
 Net worth/Assets, Cash Turnover Rate,-0.13893358476269943
 Pre-tax net Interest Rate, Current Liability to Current Assets,-0.13858394348983435
 Cash Reinvestment %, Current Liability to Assets,-0.1382710500995144
 ROA(A) before interest and % after tax, Fixed Assets Turnover Frequency,-0.1369644272692967
 Cash Reinvestment %, Cash Flow to Liability,0.1366520303851326
 Realized Sales Gross Margin, Net Worth Turnover Rate (times),-0.13633511936883574
 Net Worth Turnover Rate (times), Gross Profit to Sales,-0.13615822943189407
 Operating Gross Margin, Net Worth Turnover Rate (times),-0.13615677044727176
 Total expense/Assets, Liability-Assets Flag,0.13608407820452545
 Operating Profit Per Share (Yuan ¥), Current Liability to Liability,0.13599587888290912
 Operating Profit Per Share (Yuan ¥), Current Liabilities/Liability,0.13599587888290912
 Inventory and accounts receivable/Net value, Cash/Total Assets,-0.13567446332520877
 Operating profit/Paid-in capital, Current Liability to Liability,0.13538530619183792
 Operating profit/Paid-in capital, Current Liabilities/Liability,0.13538530619183792
 Operating Expense Rate, Current Liability to Assets,0.13525624161897407
 Tax rate (A), Fixed Assets Turnover Frequency,-0.13520963566070376
 Borrowing dependency, Net profit before tax/Paid-in capital,-0.13492414346472248
 Cash Reinvestment %, Net worth/Assets,0.13427607934261898
 Cash Reinvestment %, Debt ratio %,-0.13427607934261818
 Net profit before tax/Paid-in capital, Fixed Assets Turnover Frequency,-0.134096440770236
 Current Assets/Total Assets, Cash Flow to Liability,0.13396787328647247
 Per Share Net profit before tax (Yuan ¥), Fixed Assets Turnover Frequency,-0.13387766415351599
 ROA(A) before interest and % after tax, Current Liabilities/Equity,-0.13381605386419004
 ROA(A) before interest and % after tax, Current Liability to Equity,-0.13381605386419004
 Cash Reinvestment %, Liability to Equity,-0.1336857197831524
 Current Assets/Total Assets, Net Income to Total Assets,0.13305308551485037
 Current Liability to Current Assets, Gross Profit to Sales,-0.132652155456264
 Operating Gross Margin, Current Liability to Current Assets,-0.13265048870150953
 Realized Sales Gross Margin, Current Liability to Current Assets,-0.13260735263346823
 Operating profit/Paid-in capital, Cash Flow to Equity,0.13242516029746523
 Current Liability to Current Assets, Liability to Equity,0.1323721972977458
 Working Capital to Total Assets, CFO to Assets,0.13167657617411893
 Cash flow rate, Operating profit per person,0.1313043455888435
 Net profit before tax/Paid-in capital, Cash Flow to Equity,0.13091626827189742
 Inventory and accounts receivable/Net value, Operating Funds to Liability,-0.13077813649440348
 Tax rate (A), Net Value Per Share (C),0.13066524678747207
 Tax rate (A), Net Value Per Share (A),0.13049520710191864
 Tax rate (A), Net Value Per Share (B),0.1298911671644959
 After-tax Net Profit Growth Rate, Revenue per person,-0.12976584556110524
 Realized Sales Gross Margin, Quick Asset Turnover Rate,-0.12974683030649375
 Operating Gross Margin, Quick Asset Turnover Rate,-0.1297146884984876
 Quick Asset Turnover Rate, Gross Profit to Sales,-0.12971402319209988
 Persistent EPS in the Last Four Seasons, Cash Flow to Equity,0.12966077794518205
 Equity to Long-term Liability, Current Liability to Current Assets,0.12949880521978957
 Persistent EPS in the Last Four Seasons, Fixed Assets Turnover Frequency,-0.12945681303636952
 Cash Flow Per Share, Cash Flow to Liability,0.12925002397470917
 Operating Expense Rate, Inventory Turnover Rate (times),-0.1292143805952366
 ROA(C) before interest and depreciation before interest, Cash Flow to Equity,0.12900200976562434
 Regular Net Profit Growth Rate, Revenue per person,-0.12890530083940105
 Quick Assets/Current Liability, Working Capital/Equity,0.1283802023034169
 Revenue Per Share (Yuan ¥), Long-term fund suitability ratio (A),0.1281493268635093
 Total expense/Assets, Cash Flow to Total Assets,-0.12759096317096355
 Current Asset Turnover Rate, Current Liability to Current Assets,0.1275623960403688
 Revenue Per Share (Yuan ¥), Operating Funds to Liability,0.1274587709333223
 Quick Asset Turnover Rate, Current Liability to Current Assets,0.12701452170690217
 Operating Expense Rate, Operating profit per person,0.12686895226500544
 Operating Profit Per Share (Yuan ¥), Working Capital/Equity,0.12654611245574243
 Cash flow rate, Current Liability to Current Assets,-0.12647272208444799
 Borrowing dependency, Cash/Total Assets,-0.12641883280751262
 Net Worth Turnover Rate (times), Current Liability to Current Assets,0.12641742840601097
 Current Liability to Assets, Cash Turnover Rate,0.1263695432819867
 Operating Profit Per Share (Yuan ¥), Cash Flow to Equity,0.1261645870771239
 ROA(A) before interest and % after tax, Regular Net Profit Growth Rate,0.12587185064790313
 Cash Flow Per Share, Inventory and accounts receivable/Net value,-0.12550769511356025
 Cash flow rate, Inventory and accounts receivable/Net value,-0.1254839198267823
 ROA(A) before interest and % after tax, After-tax Net Profit Growth Rate,0.1253840330668507
 Net Value Per Share (A), Borrowing dependency,-0.1253207511875553
 Cash/Total Assets, Current Asset Turnover Rate,-0.12531701285038582
 Net Value Per Share (C), Borrowing dependency,-0.12518767286560478
 Operating profit per person, Current Liability to Liability,0.12511822619057636
 Operating profit per person, Current Liabilities/Liability,0.12511822619057636
 Inventory/Current Liability, Current Liability to Current Assets,0.12502355400882548
 Operating profit/Paid-in capital, Working Capital/Equity,0.12499559889765924
 Borrowing dependency, Current Liability to Current Assets,0.12490788139915993
 Net worth/Assets, Current Asset Turnover Rate,-0.12487950997131543
 Debt ratio %, Current Asset Turnover Rate,0.12487950997131497
 Operating profit per person, Total income/Total expense,0.1247692653849533
 Total Asset Turnover, Retained Earnings to Total Assets,0.12432044636598517
 Total Asset Turnover, Current Liabilities/Equity,0.12425701796189452
 Total Asset Turnover, Current Liability to Equity,0.12425701796189452
 Inventory and accounts receivable/Net value, Fixed Assets Turnover Frequency,-0.12401925086606251
 Net Value Per Share (B), Borrowing dependency,-0.12399056651130991
 Net worth/Assets, Net Income to Stockholder's Equity,0.12398605268046403
 Debt ratio %, Net Income to Stockholder's Equity,-0.12398605268046353
 Per Share Net profit before tax (Yuan ¥), Cash Flow to Liability,0.12398293011750319
 Working Capital/Equity, Net Income to Total Assets,0.12381700174074271
 ROA(B) before interest and depreciation after tax, Cash Flow to Equity,0.12362226766678047
 Persistent EPS in the Last Four Seasons, Cash Flow to Liability,0.12340260274906352
 Realized Sales Gross Margin, Cash Reinvestment %,0.12278724364636928
 Operating Gross Margin, Cash Reinvestment %,0.12267571560008156
 Cash Reinvestment %, Gross Profit to Sales,0.12267514840657844
 Net profit before tax/Paid-in capital, Cash Flow to Liability,0.12251490509133627
 Fixed Assets Turnover Frequency, Net Income to Total Assets,-0.12250459155128107
 Persistent EPS in the Last Four Seasons, Working Capital/Equity,0.1218538504290337
 Realized Sales Gross Margin, Current Asset Turnover Rate,-0.12131984998384086
 Current Asset Turnover Rate, Gross Profit to Sales,-0.12127734511894721
 Operating Gross Margin, Current Asset Turnover Rate,-0.12127487948683877
 Operating Expense Rate, Equity to Liability,-0.1207631789425446
 ROA(B) before interest and depreciation after tax, Liability-Assets Flag,-0.12067967657957582
 ROA(A) before interest and % after tax, Working Capital/Equity,0.12040296788314099
 Current Assets/Total Assets, Cash Flow to Equity,0.12034346370315198
 Total expense/Assets, CFO to Assets,-0.12034187673723673
 Equity to Long-term Liability, Net Income to Total Assets,-0.12024225703617313
 Cash Flow to Equity, Net Income to Total Assets,0.120227946843482
 Realized Sales Gross Margin, Equity to Liability,0.12019627297711058
 Per Share Net profit before tax (Yuan ¥), Total Asset Return Growth Rate Ratio,0.12013495706852474
 Operating Gross Margin, Equity to Liability,0.12002922038478034
 Gross Profit to Sales, Equity to Liability,0.12002744171417763
 Regular Net Profit Growth Rate, Net Income to Total Assets,0.11986999691036929
 Operating Funds to Liability, Cash Flow to Equity,0.11970742395214587
 After-tax Net Profit Growth Rate, Net Income to Total Assets,0.11959576425807031
 Operating Profit Per Share (Yuan ¥), Fixed Assets Turnover Frequency,-0.11936633507416346
 Tax rate (A), Quick Assets/Total Assets,0.11915518129424879
 Cash Reinvestment %, Liability-Assets Flag,0.11887173812113122
 Operating Profit Per Share (Yuan ¥), Cash Flow to Liability,0.11881623599088781
 Operating profit/Paid-in capital, Fixed Assets Turnover Frequency,-0.1185310171456796
 Non-industry income and expenditure/revenue, Revenue Per Share (Yuan ¥),0.11831564233916705
 Operating profit per person, Operating Funds to Liability,0.11807260324868749
 Inventory and accounts receivable/Net value, Operating profit per person,0.1180585441880145
 Borrowing dependency, Retained Earnings to Total Assets,-0.11791255670610648
 Fixed Assets Turnover Frequency, Total expense/Assets,-0.11778607614504154
 Borrowing dependency, CFO to Assets,-0.11762375913801358
 Net Value Growth Rate, Current Liability to Current Assets,0.11759024180318996
 Operating profit/Paid-in capital, Cash Flow to Liability,0.11742103034129596
 Cash Flow to Equity, Liability-Assets Flag,0.11740155926631567
 Fixed Assets Turnover Frequency, Cash/Total Assets,-0.11739875958904315
 Realized Sales Gross Margin, Revenue Per Share (Yuan ¥),0.11719614483569782
 ROA(B) before interest and depreciation after tax, After-tax Net Profit Growth Rate,0.11713007477539253
 Operating Gross Margin, Revenue Per Share (Yuan ¥),0.11704517075473188
 Revenue Per Share (Yuan ¥), Gross Profit to Sales,0.11704355379472517
 ROA(B) before interest and depreciation after tax, Regular Net Profit Growth Rate,0.11704151030294187
 Total income/Total expense, Current Liability to Current Assets,0.1157680487973636
 Current Liability to Assets, Total expense/Assets,0.11573718852269954
 Net Value Per Share (A), Quick Assets/Total Assets,0.1156059268311905
 Net profit before tax/Paid-in capital, Working Capital/Equity,0.11560467363361952
 Net Value Per Share (B), Quick Assets/Total Assets,0.115516333393255
Bankrupt?, CFO to Assets,-0.11538310904200469
 Inventory Turnover Rate (times), Net Worth Turnover Rate (times),-0.11535304354985887
 Net Value Per Share (C), Quick Assets/Total Assets,0.11530950148976661
 Tax rate (A), Net Worth Turnover Rate (times),0.11526994999345476
 After-tax net Interest Rate, Non-industry income and expenditure/revenue,-0.1152110384636084
 Quick Assets/Total Assets, Equity to Long-term Liability,-0.11515034102104635
 ROA(C) before interest and depreciation before interest, After-tax Net Profit Growth Rate,0.11508282351701471
 ROA(C) before interest and depreciation before interest, Regular Net Profit Growth Rate,0.11503956896899996
 Cash Flow to Total Assets, Current Liability to Current Assets,-0.1150094274833136
 Per Share Net profit before tax (Yuan ¥), Working Capital/Equity,0.11484752749513645
 Net Worth Turnover Rate (times), Total expense/Assets,0.11482204029390314
 Persistent EPS in the Last Four Seasons, Equity to Long-term Liability,-0.11438106953324352
 Cash Flow to Liability, Gross Profit to Sales,0.11413983913964373
 Operating Gross Margin, Cash Flow to Liability,0.11413849428429743
 Persistent EPS in the Last Four Seasons, Liability to Equity,-0.11411410992598565
 Realized Sales Gross Margin, Cash Flow to Liability,0.11405983500337039
 Accounts Receivable Turnover, Total assets to GNP price,0.11373088601886987
 CFO to Assets, Equity to Liability,0.11362909617893305
 After-tax Net Profit Growth Rate, Continuous Net Profit Growth Rate,0.11305139046041848
 ROA(A) before interest and % after tax, Cash Flow to Equity,0.11292924095111126
 Regular Net Profit Growth Rate, Continuous Net Profit Growth Rate,0.11290371207875516
 Inventory and accounts receivable/Net value, Quick Asset Turnover Rate,0.11278657944612887
 Net profit before tax/Paid-in capital, Equity to Long-term Liability,-0.11197431797313429
 Net Value Per Share (A), Liability to Equity,-0.11179703335778747
 Net Value Per Share (C), Liability to Equity,-0.1116815800149618
 Current Assets/Total Assets, Current Asset Turnover Rate,-0.11114205764084381
 Equity to Long-term Liability, Equity to Liability,-0.11088486056096725
 Net Value Per Share (B), Liability to Equity,-0.1108504462393451
 Continuous interest rate (after tax), Working capitcal Turnover Rate,0.11070315575391063
 Operating Expense Rate, Cash/Total Assets,-0.11060501645388231
 Per Share Net profit before tax (Yuan ¥), Equity to Long-term Liability,-0.11047819548119515
 Net profit before tax/Paid-in capital, Liability-Assets Flag,-0.10998080490492615
 Debt ratio %, Current Assets/Total Assets,0.10996423035563432
 Net worth/Assets, Current Assets/Total Assets,-0.10996423035563058
 ROA(C) before interest and depreciation before interest, Inventory and accounts receivable/Net value,-0.10988801464573994
 Retained Earnings to Total Assets, Liability to Equity,-0.1098103933076498
 Cash Flow to Liability, Equity to Liability,0.10977483972676579
 Working Capital to Total Assets, Net Income to Stockholder's Equity,0.10976564020405187
Bankrupt?, Tax rate (A),-0.10970566921434599
 ROA(B) before interest and depreciation after tax, Inventory and accounts receivable/Net value,-0.10950056094483562
 ROA(C) before interest and depreciation before interest, Liability-Assets Flag,-0.10927228259148997
 Working Capital to Total Assets, Total expense/Assets,0.10873754244385471
 Current Liabilities/Equity, Current Liability to Current Assets,0.1086090377559112
 Current Liability to Equity, Current Liability to Current Assets,0.1086090377559112
 Total Asset Turnover, Cash/Total Assets,0.1080642143469568
 Total expense/Assets, Total assets to GNP price,0.10794413692427317
 CFO to Assets, Net Income to Stockholder's Equity,0.10784997844081357
 Current Liabilities/Equity, CFO to Assets,-0.10777768564682093
 Current Liability to Equity, CFO to Assets,-0.10777768564682093
 Per Share Net profit before tax (Yuan ¥), Liability to Equity,-0.10772683247327387
 Persistent EPS in the Last Four Seasons, Current Liability to Liability,0.10731037557562406
 Persistent EPS in the Last Four Seasons, Current Liabilities/Liability,0.10731037557562406
 Operating Profit Per Share (Yuan ¥), Borrowing dependency,-0.10713453645561766
 Quick Assets/Total Assets, Cash Turnover Rate,-0.1067115447858808
 Per Share Net profit before tax (Yuan ¥), Current Liabilities/Liability,0.10656830871784918
 Per Share Net profit before tax (Yuan ¥), Current Liability to Liability,0.10656830871784918
 ROA(C) before interest and depreciation before interest, Research and development expense rate,0.10646056015845093
 Current Liabilities/Equity, Retained Earnings to Total Assets,-0.10607450328725256
 Retained Earnings to Total Assets, Current Liability to Equity,-0.10607450328725246
 Retained Earnings to Total Assets, Cash Flow to Equity,0.10586188250484745
 Net Worth Turnover Rate (times), Working Capital/Equity,0.10581967041214924
 Per Share Net profit before tax (Yuan ¥), Cash Flow to Equity,0.10559066510551929
 Net Worth Turnover Rate (times), Quick Assets/Current Liability,0.10553135091333754
 Persistent EPS in the Last Four Seasons, Liability-Assets Flag,-0.10552188869996658
 Current Assets/Total Assets, Current Liability to Equity,0.10533088112177517
 Current Assets/Total Assets, Current Liabilities/Equity,0.10533088112177517
 Net Income to Total Assets, Total assets to GNP price,-0.10520070101982276
 Net worth/Assets, Working Capital/Equity,0.10500763460442691
 Debt ratio %, Working Capital/Equity,-0.10500763460442522
 Per Share Net profit before tax (Yuan ¥), Liability-Assets Flag,-0.10499459704292152
 Borrowing dependency, Operating profit/Paid-in capital,-0.10472138204961115
 Cash Flow Per Share, Realized Sales Gross Profit Growth Rate,-0.1046887903218897
 Total Asset Growth Rate, Cash Flow to Total Assets,-0.10464133478714928
 Long-term fund suitability ratio (A), Current Assets/Total Assets,0.1045176269390597
 Long-term fund suitability ratio (A), Equity to Liability,0.10434428966835128
 Net profit before tax/Paid-in capital, Liability to Equity,-0.10414902768831398
 ROA(C) before interest and depreciation before interest, Working Capital/Equity,0.10381855054634281
 Current Assets/Total Assets, Equity to Long-term Liability,-0.10365169929620902
 Cash Reinvestment %, Net Worth Turnover Rate (times),0.10364727171030316
 Tax rate (A), CFO to Assets,0.10310094708024545
 ROA(A) before interest and % after tax, Equity to Long-term Liability,-0.10301547661450673
 Net Value Per Share (A), Current Liability to Equity,-0.1025392590991303
 Net Value Per Share (A), Current Liabilities/Equity,-0.1025392590991303
 Net profit before tax/Paid-in capital, Current Liability to Liability,0.10248696299648204
 Net profit before tax/Paid-in capital, Current Liabilities/Liability,0.10248696299648204
 Net Value Per Share (C), Current Liability to Equity,-0.1024313305324808
 Net Value Per Share (C), Current Liabilities/Equity,-0.1024313305324808
 ROA(B) before interest and depreciation after tax, Research and development expense rate,0.10214683305162199
 Net Value Per Share (B), Current Liability to Equity,-0.10209815402821862
 Net Value Per Share (B), Current Liabilities/Equity,-0.10209815402821862
 ROA(B) before interest and depreciation after tax, Working Capital/Equity,0.10196164359928184
 Operating Funds to Liability, Cash Turnover Rate,-0.10175751909801979
 Cash Turnover Rate, Cash Flow to Liability,-0.10175084752871763
 Current Asset Turnover Rate, Equity to Liability,-0.10115652878312249
 Working Capital to Total Assets, Cash Flow to Equity,0.1011216829413315
 Total Asset Growth Rate, CFO to Assets,0.10086447970116022
 Total Asset Turnover, Working Capital/Equity,0.1008320166525907
 Operating Profit Growth Rate, Continuous Net Profit Growth Rate,0.10082140504634858
 Continuous interest rate (after tax), Accounts Receivable Turnover,0.10060359147592011
 Fixed Assets Turnover Frequency, Retained Earnings to Total Assets,-0.1002326862707529
 Inventory and accounts receivable/Net value, Quick Assets/Total Assets,0.10020143456303501
 Realized Sales Gross Margin, Total Asset Turnover,-0.1001414703264233
Bankrupt?, Cash/Total Assets,-0.1001301899463249
Bankrupt?, Gross Profit to Sales,-0.10004384746089866
Bankrupt?, Operating Gross Margin,-0.10004324405173055
 Total Asset Turnover, Gross Profit to Sales,-0.0996614495064629
 Operating Gross Margin, Total Asset Turnover,-0.09966094703988009
 CFO to Assets, Current Liability to Current Assets,-0.09964625539433052
Bankrupt?, Realized Sales Gross Margin,-0.09944524958861552
 Cash Flow Per Share, Borrowing dependency,-0.09919821388574795
 Total Asset Growth Rate, Retained Earnings to Total Assets,0.09916339657011199
 Current Liabilities/Liability, Equity to Liability,0.09893034205999333
 Current Liability to Liability, Equity to Liability,0.09893034205999333
 ROA(A) before interest and % after tax, Total assets to GNP price,-0.09889982937297646
 ROA(C) before interest and depreciation before interest, Current Assets/Total Assets,0.09882048428089531
 Net Value Per Share (A), Equity to Liability,0.09872110467353482
 CFO to Assets, Liability to Equity,-0.09854495176333118
 Net Value Per Share (B), Equity to Liability,0.09843391451150606
 Net Value Per Share (C), Equity to Liability,0.09838952627610147
 Quick Assets/Total Assets, Operating Funds to Liability,0.09832235377987161
 Cash Flow Per Share, Quick Assets/Total Assets,0.0981427630625958
 Cash Flow to Total Assets, Gross Profit to Sales,0.09809883180409225
 Operating Gross Margin, Cash Flow to Total Assets,0.09809717018200582
 Realized Sales Gross Margin, Cash Flow to Total Assets,0.09805621568687345
 Cash/Total Assets, Liability to Equity,-0.0978489771298149
 Cash flow rate, Cash Flow to Equity,0.0977613021260117
 Persistent EPS in the Last Four Seasons, Current Liability to Assets,-0.09768912969154253
 Fixed Assets Turnover Frequency, Working Capital/Equity,-0.09715027776883241
 Realized Sales Gross Profit Growth Rate, Total Asset Turnover,0.09685602625995882
 Net Value Per Share (B), Liability-Assets Flag,-0.09677636918095421
 Inventory Turnover Rate (times), Quick Assets/Total Assets,-0.09669641548659474
 Cash flow rate, Net Worth Turnover Rate (times),-0.09666252500287073
 Net Value Per Share (C), Liability-Assets Flag,-0.09652722169659268
 Net Value Per Share (A), Liability-Assets Flag,-0.09650619269162494
 Cash/Total Assets, Retained Earnings to Total Assets,0.09648727852211277
 Operating profit per person, Net Income to Stockholder's Equity,0.09623493575122369
 Quick Assets/Total Assets, Equity to Liability,0.09597813033165377
 Quick Asset Turnover Rate, Cash Flow to Total Assets,-0.0957722282282509
 Borrowing dependency, Quick Assets/Total Assets,-0.09556779922538165
 Cash/Total Assets, Equity to Long-term Liability,-0.09523022101373413
 Persistent EPS in the Last Four Seasons, Current Liability to Equity,-0.09496558082981467
 Persistent EPS in the Last Four Seasons, Current Liabilities/Equity,-0.09496558082981467
 Current Liability to Assets, Current Asset Turnover Rate,0.09491241761427438
 Realized Sales Gross Margin, Current Assets/Total Assets,0.0948375766742466
 Current Assets/Total Assets, Gross Profit to Sales,0.09478469998578813
 Operating Gross Margin, Current Assets/Total Assets,0.09478198640020011
 Inventory and accounts receivable/Net value, Net Income to Total Assets,-0.09477034053863052
 Operating profit/Paid-in capital, Equity to Long-term Liability,-0.09441721632635698
 Quick Assets/Total Assets, Retained Earnings to Total Assets,0.09429678976867141
 Operating Profit Per Share (Yuan ¥), Equity to Long-term Liability,-0.09428501528156338
 ROA(B) before interest and depreciation after tax, Current Assets/Total Assets,0.09408304360053625
 Cash flow rate, Cash Turnover Rate,-0.0938866215561368
 Borrowing dependency, Operating Funds to Liability,-0.0932476996835779
 Total Asset Turnover, Cash Flow to Total Assets,0.09313072779186092
Bankrupt?, Operating profit per person,-0.09284214103165479
 Contingent liabilities/Net worth, Net Worth Turnover Rate (times),0.092726095637394
 Current Liability to Assets, Net Income to Stockholder's Equity,-0.09272468102231188
 Operating Funds to Liability, Current Liability to Equity,-0.09168291663804135
 Operating Funds to Liability, Current Liabilities/Equity,-0.09168291663804135
 Operating Expense Rate, Net Value Per Share (A),0.09126265755387139
 Operating Funds to Liability, Liability to Equity,-0.09121354775808492
 Operating Expense Rate, Net Value Per Share (C),0.09119735612112903
 Operating profit per person, CFO to Assets,0.09102252553837294
 Net Worth Turnover Rate (times), Operating Funds to Liability,-0.09099863711948787
 Net Value Per Share (A), Equity to Long-term Liability,-0.09072501537256608
 Pre-tax net Interest Rate, Working capitcal Turnover Rate,0.09068887640294189
 Net Value Per Share (C), Equity to Long-term Liability,-0.09066721551238752
 Net Value Per Share (B), Cash Reinvestment %,0.0906513262651381
 Operating Expense Rate, Net Value Per Share (B),0.09051859475458447
 Net Value Per Share (A), Cash Reinvestment %,0.09037673138320969
 Per Share Net profit before tax (Yuan ¥), Regular Net Profit Growth Rate,0.09036756417010047
 Net Value Per Share (C), Cash Reinvestment %,0.0903121959509105
 Total expense/Assets, Cash Flow to Equity,-0.0902564438829453
 Per Share Net profit before tax (Yuan ¥), After-tax Net Profit Growth Rate,0.09022255541737945
 Net Value Per Share (A), Inventory and accounts receivable/Net value,-0.08999196920963828
 Per Share Net profit before tax (Yuan ¥), Net Worth Turnover Rate (times),0.08992949133099483
 Net Value Per Share (C), Inventory and accounts receivable/Net value,-0.08977662726634764
 Cash Flow Per Share, Net Worth Turnover Rate (times),0.08964840543913437
 Pre-tax net Interest Rate, Accounts Receivable Turnover,0.08957625210012145
 Net Value Per Share (B), Inventory and accounts receivable/Net value,-0.08939645073174217
 Per Share Net profit before tax (Yuan ¥), Current Liabilities/Equity,-0.08917433713688083
 Per Share Net profit before tax (Yuan ¥), Current Liability to Equity,-0.08917433713688083
 Cash Reinvestment %, Cash Flow to Equity,0.08908925053127482
 ROA(B) before interest and depreciation after tax, Total assets to GNP price,-0.0890882893673143
 Net Value Per Share (B), Equity to Long-term Liability,-0.08900435517708524
 Research and development expense rate, Net Value Per Share (B),0.08882165407596285
 Average Collection Days, Operating profit per person,0.08837908053277814
 Regular Net Profit Growth Rate, Net profit before tax/Paid-in capital,0.08825546953539203
 After-tax Net Profit Growth Rate, Net profit before tax/Paid-in capital,0.0880742555527989
 Cash flow rate, Current Liability to Equity,-0.08756733627312124
 Cash flow rate, Current Liabilities/Equity,-0.08756733627312124
 Research and development expense rate, Net Value Per Share (A),0.08749971032460727
 Total Asset Turnover, Current Liability to Current Assets,-0.08729721618691842
 Research and development expense rate, Net Value Per Share (C),0.08706270194192336
 Current Liability to Liability, Current Liability to Equity,0.08693115813827687
 Current Liabilities/Liability, Current Liabilities/Equity,0.08693115813827687
 Current Liabilities/Liability, Current Liability to Equity,0.08693115813827687
 Current Liabilities/Equity, Current Liability to Liability,0.08693115813827686
 Retained Earnings to Total Assets, Cash Flow to Liability,0.0869050533147347
 Realized Sales Gross Margin, Inventory and accounts receivable/Net value,-0.08676179126252251
 Operating Gross Margin, Inventory and accounts receivable/Net value,-0.08672048944727502
 Inventory and accounts receivable/Net value, Gross Profit to Sales,-0.0867198804942572
 Revenue per person, Inventory/Current Liability,0.08659489259265599
 Operating profit per person, Working Capital/Equity,0.08656371066443218
 ROA(C) before interest and depreciation before interest, Equity to Long-term Liability,-0.0865345456041114
Bankrupt?, Quick Assets/Total Assets,-0.08638211148025533
 Persistent EPS in the Last Four Seasons, Regular Net Profit Growth Rate,0.08608348385783478
 Persistent EPS in the Last Four Seasons, After-tax Net Profit Growth Rate,0.08608014950518493
 Net profit before tax/Paid-in capital, Current Liability to Assets,-0.0860214974219927
 Operating Gross Margin, Borrowing dependency,-0.08573286452920693
 Borrowing dependency, Gross Profit to Sales,-0.08573232313406302
 Realized Sales Gross Margin, Borrowing dependency,-0.085597992649844
 Operating Gross Margin, Liability to Equity,-0.08543385644677205
 Gross Profit to Sales, Liability to Equity,-0.0854337280775615
 Realized Sales Gross Margin, Liability to Equity,-0.0854065852422744
 Total Asset Growth Rate, Net Worth Turnover Rate (times),-0.08499383251278426
 Non-industry income and expenditure/revenue, Current Liability to Current Assets,-0.08487456459296
 Quick Assets/Total Assets, CFO to Assets,0.08485325767049176
 Operating Profit Rate, Cash Flow to Sales,-0.08474671642884553
 Tax rate (A), Current Assets/Total Assets,0.08438560019141426
 ROA(A) before interest and % after tax, Research and development expense rate,0.08433371051535796
 Current Assets/Total Assets, Quick Asset Turnover Rate,-0.08432966730257407
 Total Asset Turnover, Liability to Equity,0.08424282787445306
 Net worth/Assets, Quick Assets/Total Assets,0.0842321359637291
 Debt ratio %, Quick Assets/Total Assets,-0.08423213596372002
 Contingent liabilities/Net worth, Current Liability to Current Assets,0.08423123536641783
 Net Worth Turnover Rate (times), Cash Flow to Equity,0.08408345540728991
 Net profit before tax/Paid-in capital, Current Liability to Equity,-0.08381871068557156
 Net profit before tax/Paid-in capital, Current Liabilities/Equity,-0.08381871068557156
 Operating Expense Rate, Retained Earnings to Total Assets,0.08331453445080374
 ROA(B) before interest and depreciation after tax, Equity to Long-term Liability,-0.08318957820602156
Bankrupt?, Equity to Liability,-0.0830484458145402
 Operating Expense Rate, Net profit before tax/Paid-in capital,0.08292325750313297
 Net worth/Assets, Cash/Current Liability,-0.08280434900510199
 Debt ratio %, Cash/Current Liability,0.08280434900510059
 Net Value Per Share (A), Total Asset Turnover,0.08267362172217833
 Realized Sales Gross Margin, Accounts Receivable Turnover,0.08247887208246768
 Net Value Per Share (C), Total Asset Turnover,0.08243377056261568
 Quick Assets/Total Assets, Current Asset Turnover Rate,-0.08236964649739803
 Accounts Receivable Turnover, Gross Profit to Sales,0.08234257918422513
 Operating Gross Margin, Accounts Receivable Turnover,0.0823420449496109
 Net worth/Assets, Current Liabilities/Liability,0.08232240849950762
 Net worth/Assets, Current Liability to Liability,0.08232240849950762
 Debt ratio %, Current Liability to Liability,-0.08232240849950506
 Debt ratio %, Current Liabilities/Liability,-0.08232240849950506
 Net Value Per Share (B), Total Asset Turnover,0.08202612484710872
 ROA(A) before interest and % after tax, Total Asset Return Growth Rate Ratio,0.08198168866637463
 Net Value Per Share (A), Fixed Assets Turnover Frequency,-0.08177304366451008
 Net Value Per Share (C), Fixed Assets Turnover Frequency,-0.081749159811766
 Cash flow rate, Total expense/Assets,-0.08151724097283822
 Tax rate (A), Total expense/Assets,-0.08147550010369688
 Fixed Assets Turnover Frequency, Operating profit per person,-0.08144052562193739
 Operating Expense Rate, Per Share Net profit before tax (Yuan ¥),0.08142785577789773
 Net Value Per Share (B), Fixed Assets Turnover Frequency,-0.08097105542854983
 Operating Expense Rate, Persistent EPS in the Last Four Seasons,0.0809689795931054
 Cash flow rate, Liability to Equity,-0.080773085880456
 Net Value Per Share (B), Inventory Turnover Rate (times),-0.08068404324185846
 Current Liabilities/Equity, Gross Profit to Sales,-0.08042211567057161
 Current Liability to Equity, Gross Profit to Sales,-0.08042211567057161
 Operating Gross Margin, Current Liabilities/Equity,-0.08042183631116347
 Operating Gross Margin, Current Liability to Equity,-0.08042183631116347
 ROA(A) before interest and % after tax, Current Liabilities/Liability,0.0804005260183176
 ROA(A) before interest and % after tax, Current Liability to Liability,0.0804005260183176
 Realized Sales Gross Margin, Current Liability to Equity,-0.08034966300278798
 Realized Sales Gross Margin, Current Liabilities/Equity,-0.08034966300278798
 Net Value Per Share (A), Inventory Turnover Rate (times),-0.08024790650441997
 Persistent EPS in the Last Four Seasons, Total Asset Return Growth Rate Ratio,0.08014013943353618
 Net Value Per Share (C), Inventory Turnover Rate (times),-0.08005411818290914
 Total Asset Growth Rate, Net Income to Total Assets,0.08003071488938232
 ROA(B) before interest and depreciation after tax, Total Asset Return Growth Rate Ratio,0.07997212702356629
 After-tax net Interest Rate, Accounts Receivable Turnover,0.07991980623042744
 Cash/Total Assets, Current Liability to Equity,-0.07991016526127524
 Cash/Total Assets, Current Liabilities/Equity,-0.07991016526127524
 ROA(C) before interest and depreciation before interest, Total Asset Return Growth Rate Ratio,0.07990567417416505
 Per Share Net profit before tax (Yuan ¥), Current Liability to Assets,-0.07979477900151372
 Operating Expense Rate, Inventory and accounts receivable/Net value,0.07974650676421444
 Operating Profit Rate, Current Liability to Current Assets,-0.07967949242216812
 Total Asset Growth Rate, Total expense/Assets,-0.0796188871293002
 Research and development expense rate, Net Income to Total Assets,0.0791691247726125
 Research and development expense rate, Retained Earnings to Total Assets,0.0791526734363178
 Operating profit per person, Current Liability to Assets,0.0788316990156154
 Cash flow rate, Borrowing dependency,-0.07876296661329252
 ROA(A) before interest and % after tax, Inventory and accounts receivable/Net value,-0.07858528839870808
 Net profit before tax/Paid-in capital, Net Worth Turnover Rate (times),0.07837330922592256
 Cash/Current Liability, Current Liability to Assets,0.07827578093557473
 Operating Profit Per Share (Yuan ¥), Net worth/Assets,0.0780558547870562
 Operating Profit Per Share (Yuan ¥), Debt ratio %,-0.07805585478705233
 Net Value Growth Rate, Borrowing dependency,-0.07794187542789612
Bankrupt?, Cash/Current Liability,0.07792109615933365
 Tax rate (A), Net Income to Stockholder's Equity,0.07791983684899076
 Long-term fund suitability ratio (A), Working Capital to Total Assets,0.07789078372629395
 Operating Funds to Liability, Quick Asset Turnover Rate,-0.0777768390943804
 Total Asset Growth Rate, Current Assets/Total Assets,-0.07764660380005632
Bankrupt?, Cash Flow Per Share,-0.07751645975300323
 Working capitcal Turnover Rate, Equity to Liability,0.07742358159553668
 Quick Assets/Current Liability, Current Liability to Equity,-0.07731517237618342
 Quick Assets/Current Liability, Current Liabilities/Equity,-0.07731517237618342
 Net worth/Assets, Operating profit/Paid-in capital,0.0772501023733251
 Debt ratio %, Operating profit/Paid-in capital,-0.07725010237332128
 Contingent liabilities/Net worth, Inventory and accounts receivable/Net value,0.0771995356172584
 Operating Profit Per Share (Yuan ¥), Liability to Equity,-0.07710160953614081
Bankrupt?, Operating Funds to Liability,-0.07708196091817654
 Net worth/Assets, Cash Flow to Liability,0.07698264467310105
 Debt ratio %, Cash Flow to Liability,-0.07698264467310073
 Net Value Per Share (B), Cash Flow to Liability,0.0769800430513347
 Net Value Per Share (A), Cash Flow to Liability,0.07691691218577622
 Net Value Per Share (C), Cash Flow to Liability,0.0768714052693776
 Working Capital/Equity, Retained Earnings to Total Assets,0.07684920629492983
 Operating Expense Rate, Working Capital to Total Assets,-0.07672405264952756
 Research and development expense rate, Persistent EPS in the Last Four Seasons,0.07648599664215705
 Operating Profit Per Share (Yuan ¥), Total Asset Return Growth Rate Ratio,0.07645312501085857
 CFO to Assets, Total assets to GNP price,-0.07604110109903424
 Net Value Growth Rate, Quick Assets/Current Liability,0.07591472295682926
 ROA(A) before interest and % after tax, Operating Expense Rate,0.07572745164435478
 Borrowing dependency, Current Liabilities/Liability,-0.07559422334175364
 Borrowing dependency, Current Liability to Liability,-0.07559422334175364
 Operating profit/Paid-in capital, Liability to Equity,-0.07537386512034731
 Operating Gross Margin, Net Income to Stockholder's Equity,0.07530409411394468
 Gross Profit to Sales, Net Income to Stockholder's Equity,0.07530274277568973
Bankrupt?, Inventory and accounts receivable/Net value,0.07527808207076674
 Operating profit per person, Cash Flow to Total Assets,0.07527103889079062
 Realized Sales Gross Margin, Net Income to Stockholder's Equity,0.07489136648495175
 Accounts Receivable Turnover, Working capitcal Turnover Rate,0.07472748507069592
 Quick Assets/Total Assets, Cash/Current Liability,-0.07453682612337335
 Long-term fund suitability ratio (A), Current Liabilities/Liability,0.0744284263310613
 Long-term fund suitability ratio (A), Current Liability to Liability,0.0744284263310613
 Quick Ratio, Operating profit per person,0.07442288204230821
 Cash Flow Per Share, Net Income to Stockholder's Equity,0.07425048145612875
 Cash Turnover Rate, Cash Flow to Equity,-0.0740528868669685
 Cash Flow Per Share, Working Capital to Total Assets,0.0739913391635938
 Net Income to Total Assets, Equity to Liability,0.0739157086234702
 Net profit before tax/Paid-in capital, Inventory Turnover Rate (times),-0.07381530272726354
 Retained Earnings to Total Assets, Equity to Long-term Liability,-0.07371318588764579
 Per Share Net profit before tax (Yuan ¥), Inventory Turnover Rate (times),-0.07363320946391494
 Research and development expense rate, CFO to Assets,0.07362867481595961
 Cash Turnover Rate, Current Liability to Current Assets,0.0734477159848611
 Net Value Per Share (C), Cash Flow to Equity,0.07307980595841107
 Net Value Per Share (A), Cash Flow to Equity,0.07299998756429799
 Net Value Per Share (B), Cash Flow to Equity,0.07298175345209465
Bankrupt?, Fixed Assets Turnover Frequency,0.07281826419734337
 Current Asset Turnover Rate, Cash Turnover Rate,0.07265794480621837
 Long-term Liability to Current Assets, Current Liability to Liability,0.0724851667318348
 Current Liabilities/Liability, Long-term Liability to Current Assets,0.07248516673183479
 Net Value Growth Rate, Net Income to Total Assets,-0.07240843360625125
 Total Asset Growth Rate, Total Asset Turnover,-0.07239328357233131
Bankrupt?, Cash flow rate,-0.07235555123147847
 Operating Funds to Liability, Total expense/Assets,-0.07230806120530146
 Operating Expense Rate, Operating profit/Paid-in capital,0.07197213893159245
 Cash Reinvestment %, Quick Assets/Total Assets,0.07188215033545327
 Operating Expense Rate, Operating Profit Per Share (Yuan ¥),0.07179917799953653
 ROA(C) before interest and depreciation before interest, Total assets to GNP price,-0.07172470039118241
 Cash Flow to Liability, Current Liability to Current Assets,-0.0716944535236181
 Operating Gross Margin, Cash Turnover Rate,-0.07157880968555579
 Cash Turnover Rate, Gross Profit to Sales,-0.07157847917112505
 Persistent EPS in the Last Four Seasons, Inventory Turnover Rate (times),-0.07146032995776147
 Net Value Growth Rate, Equity to Long-term Liability,-0.07140148624879433
 Operating Expense Rate, Net Income to Total Assets,0.07136459003177242
 Realized Sales Gross Margin, Cash Turnover Rate,-0.07132118690756846
 Current Liabilities/Liability, Working Capital/Equity,0.07125938707032885
 Working Capital/Equity, Current Liability to Liability,0.07125938707032883
 Operating Profit Per Share (Yuan ¥), Total expense/Assets,-0.07074183536945784
Bankrupt?, Cash Flow to Total Assets,-0.07045564511949368
Bankrupt?, Contingent liabilities/Net worth,0.07045452479008067
 Net Value Per Share (C), Working Capital/Equity,0.07038332500552612
 Research and development expense rate, Cash Turnover Rate,0.07036852076538626
 Current Liability to Current Assets, Net Income to Stockholder's Equity,-0.07035373083496262
 Net Value Per Share (A), Working Capital/Equity,0.07033079097092775
 Net Value Per Share (B), Working Capital/Equity,0.07011154364125655
 Research and development expense rate, Net profit before tax/Paid-in capital,0.06954474156038515
 Operating profit/Paid-in capital, Total expense/Assets,-0.06948772665220428
 Cash Turnover Rate, CFO to Assets,-0.0693588479546717
 Total Asset Growth Rate, Current Liability to Assets,-0.06931497776949389
 Operating Funds to Liability, Net Income to Stockholder's Equity,0.06921158069496669
 Operating Gross Margin, Equity to Long-term Liability,-0.06881018966974049
 Equity to Long-term Liability, Gross Profit to Sales,-0.06880943138043681
 Realized Sales Gross Margin, Equity to Long-term Liability,-0.06876340351280974
 Research and development expense rate, Operating Profit Per Share (Yuan ¥),0.06873816371394949
 Cash flow rate, Current Liability to Liability,-0.06872941830654059
 Cash flow rate, Current Liabilities/Liability,-0.06872941830654059
 Net Value Growth Rate, Liability to Equity,-0.06864925068500564
 Total Asset Growth Rate, Quick Assets/Total Assets,-0.06839318020234851
 Inventory Turnover Rate (times), Working Capital to Total Assets,0.06836948307458508
 Tax rate (A), Cash Flow Per Share,0.06836264664209
 Quick Asset Turnover Rate, Liability to Equity,0.06830542357057112
 Interest-bearing debt interest rate, Working Capital/Equity,0.06827292341371946
 Average Collection Days, Current Liability to Current Assets,0.06819669232647213
 Net Value Growth Rate, Net Income to Stockholder's Equity,0.0680538971611042
 Tax rate (A), Gross Profit to Sales,0.06797091199943146
 Operating Gross Margin, Tax rate (A),0.06797049967751022
 Working Capital/Equity, Gross Profit to Sales,0.06797023856090534
 Operating Gross Margin, Working Capital/Equity,0.06796988109855792
 Borrowing dependency, Quick Assets/Current Liability,-0.06792960684409964
 Realized Sales Gross Margin, Working Capital/Equity,0.0679213723340891
Bankrupt?, Total Asset Turnover,-0.06791516723426941
 Tax rate (A), Total Asset Growth Rate,0.06788612803453697
 Tax rate (A), Operating profit per person,0.06782639373993675
 Realized Sales Gross Margin, Tax rate (A),0.0677076469169679
 Operating Profit Per Share (Yuan ¥), After-tax Net Profit Growth Rate,0.0675018461754164
 Current Liabilities/Equity, Quick Asset Turnover Rate,0.0673678060456028
 Quick Asset Turnover Rate, Current Liability to Equity,0.06736780604560276
 Operating Profit Per Share (Yuan ¥), Regular Net Profit Growth Rate,0.06718164490586372
 Research and development expense rate, Operating profit/Paid-in capital,0.06714327142123715
 After-tax Net Profit Growth Rate, Operating profit/Paid-in capital,0.06687030411975588
 ROA(C) before interest and depreciation before interest, Operating Expense Rate,0.0668694624387461
 Regular Net Profit Growth Rate, Operating profit/Paid-in capital,0.06655212927798616
 Net worth/Assets, Cash Flow to Total Assets,0.06650222490628566
 Debt ratio %, Cash Flow to Total Assets,-0.06650222490628349
Bankrupt?, Fixed Assets to Assets,0.06632835494771087
 Current Liabilities/Liability, Net Income to Total Assets,0.06627659966545923
 Current Liability to Liability, Net Income to Total Assets,0.06627659966545923
 Research and development expense rate, Per Share Net profit before tax (Yuan ¥),0.06608536964888571
 Operating Funds to Liability, Total assets to GNP price,-0.06603667006574951
 Persistent EPS in the Last Four Seasons, Net Worth Turnover Rate (times),0.06603252846850066
 ROA(C) before interest and depreciation before interest, Fixed Assets Turnover Frequency,-0.06591879307481853
 Contingent liabilities/Net worth, Working Capital to Total Assets,-0.06587897775191905
 Working Capital/Equity, Cash Flow to Total Assets,0.06575473121475114
 Current Assets/Total Assets, Retained Earnings to Total Assets,0.06560495198250418
 ROA(B) before interest and depreciation after tax, Operating Expense Rate,0.06560233500386296
Bankrupt?, Net Value Growth Rate,0.06532942436840884
 Tax rate (A), Cash Reinvestment %,0.06532930973734091
 Research and development expense rate, Current Liability to Current Assets,-0.06520363085267071
 Cash Flow to Sales, Cash Flow to Total Assets,0.06500993776155684
 Inventory Turnover Rate (times), Total expense/Assets,0.06495923031399632
 Inventory Turnover Rate (times), Operating profit per person,-0.06495647708331442
 Research and development expense rate, Quick Assets/Total Assets,0.06481139696927676
 Continuous interest rate (after tax), Revenue per person,-0.06469273416875554
 Realized Sales Gross Margin, Current Liabilities/Liability,0.06465673217575206
 Realized Sales Gross Margin, Current Liability to Liability,0.06465673217575206
 Total Asset Growth Rate, Cash Flow to Liability,-0.06455224189531471
 Regular Net Profit Growth Rate, Retained Earnings to Total Assets,0.06442180966622522
 Total Asset Growth Rate, Cash Turnover Rate,0.06441870099736588
 Tax rate (A), Current Liabilities/Liability,0.0641816286759825
 Tax rate (A), Current Liability to Liability,0.0641816286759825
 Total Asset Growth Rate, Operating Funds to Liability,0.0641321975788135
 After-tax Net Profit Growth Rate, Retained Earnings to Total Assets,0.0641212787719472
 Total Asset Growth Rate, Cash/Total Assets,-0.06407883122362037
 Inventory and accounts receivable/Net value, Retained Earnings to Total Assets,-0.06406676450410212
 ROA(A) before interest and % after tax, Net Value Growth Rate,-0.06397041004076118
 Tax rate (A), Current Asset Turnover Rate,0.0639439294144966
 Cash/Total Assets, Cash/Current Liability,-0.06390836568789016
 Total Asset Growth Rate, Cash Reinvestment %,0.06371042699790565
 Operating Gross Margin, Current Liability to Liability,0.06354705944965512
 Operating Gross Margin, Current Liabilities/Liability,0.06354705944965512
 Current Liabilities/Liability, Gross Profit to Sales,0.06354623126265066
 Current Liability to Liability, Gross Profit to Sales,0.06354623126265066
 Borrowing dependency, Quick Asset Turnover Rate,0.06347262521546765
 Cash Flow to Equity, Current Liability to Current Assets,-0.06338556103185233
 Current Liabilities/Equity, Total expense/Assets,0.06334465130781854
 Total expense/Assets, Current Liability to Equity,0.0633446513078185
 Net Value Growth Rate, Net Worth Turnover Rate (times),0.06320278542798415
 Quick Ratio, Quick Assets/Total Assets,-0.06306431621709921
 Net Value Growth Rate, Working Capital/Equity,0.06304658072610012
 ROA(C) before interest and depreciation before interest, Inventory Turnover Rate (times),-0.06266034829941353
 Operating Funds to Liability, Current Liability to Liability,0.06260209213320109
 Operating Funds to Liability, Current Liabilities/Liability,0.06260209213320109
 Cash Flow Per Share, Operating profit per person,0.06219169386205973
 Total Asset Return Growth Rate Ratio, Net Income to Total Assets,0.0621827210768397
 Total Asset Return Growth Rate Ratio, Net profit before tax/Paid-in capital,0.06205426026580287
 Operating profit per person, Cash/Current Liability,0.0619644097129187
 Realized Sales Gross Profit Growth Rate, Net Worth Turnover Rate (times),0.06169070558999384
 Interest-bearing debt interest rate, Per Share Net profit before tax (Yuan ¥),0.061431260017467945
 Total Asset Turnover, Operating profit per person,0.06132970056320202
 Quick Assets/Current Liability, Liability to Equity,-0.06105140984726744
 ROA(B) before interest and depreciation after tax, Fixed Assets Turnover Frequency,-0.06104594859967089
 Net Value Per Share (B), Total Asset Return Growth Rate Ratio,0.060967728440030004
 Net Value Per Share (A), Total Asset Return Growth Rate Ratio,0.06083495393960541
 Net Value Per Share (C), Total Asset Return Growth Rate Ratio,0.06080206596443519
 Continuous Net Profit Growth Rate, Inventory/Working Capital,0.060757945465525945
 Total Asset Turnover, Cash Turnover Rate,0.0607217257202558
 Operating Expense Rate, Tax rate (A),0.06068266761930851
 Cash Reinvestment %, Total expense/Assets,-0.060662717257248894
 Operating Expense Rate, Research and development expense rate,-0.06038632779122548
 Total Asset Turnover, Accounts Receivable Turnover,-0.060229321946535505
 Regular Net Profit Growth Rate, Total Asset Turnover,0.06022285434839675
 Net Value Per Share (B), Total assets to GNP price,-0.05997048319450784
 Interest-bearing debt interest rate, Net worth/Assets,0.059911032640203546
 Interest-bearing debt interest rate, Debt ratio %,-0.05991103264020214
 Net Value Per Share (C), Total assets to GNP price,-0.0598260418538066
 Net Value Per Share (A), Total assets to GNP price,-0.05977993108586954
 After-tax Net Profit Growth Rate, Total Asset Turnover,0.05972415749512317
 Current Assets/Total Assets, CFO to Assets,-0.05964496352846059
 Interest-bearing debt interest rate, Persistent EPS in the Last Four Seasons,0.05950617091454378
 Inventory Turnover Rate (times), Current Liability to Assets,-0.05934794128371638
 Net Worth Turnover Rate (times), Total assets to GNP price,0.059177665555774826
 Net worth/Assets, Contingent liabilities/Net worth,-0.058862217594068296
 Debt ratio %, Contingent liabilities/Net worth,0.05886221759406808
 Quick Asset Turnover Rate, Cash Flow to Equity,-0.05875280767345059
Bankrupt?, Cash Flow to Equity,-0.05856327415775506
 Working Capital/Equity, Equity to Liability,0.05851154028181203
 Operating Funds to Liability, Equity to Long-term Liability,-0.05835236911990419
 Revenue Per Share (Yuan ¥), After-tax Net Profit Growth Rate,-0.058293845624348146
 Cash Flow Per Share, Cash Turnover Rate,-0.05821809932397347
 Revenue Per Share (Yuan ¥), Regular Net Profit Growth Rate,-0.05807082031831925
 Cash flow rate, Total Asset Turnover,-0.05797840778809421
 Current Liability to Assets, Working Capital/Equity,-0.057977217958845424
 Cash flow rate, Net Income to Stockholder's Equity,0.0579332252207571
 ROA(A) before interest and % after tax, Equity to Liability,0.05788682613510898
 Net Worth Turnover Rate (times), CFO to Assets,-0.05783236320307284
 Cash flow rate, Quick Asset Turnover Rate,-0.05738534648214282
 Cash Reinvestment %, Working Capital to Total Assets,0.05692249311038625
 Contingent liabilities/Net worth, Operating profit/Paid-in capital,-0.056837230279226506
 Net Value Per Share (B), After-tax Net Profit Growth Rate,0.056818203251034975
 Net Value Per Share (C), After-tax Net Profit Growth Rate,0.056681754864722184
 Net Value Per Share (A), After-tax Net Profit Growth Rate,0.05667921446888587
 Operating Profit Per Share (Yuan ¥), Contingent liabilities/Net worth,-0.05662564206932399
 Net Value Per Share (B), Regular Net Profit Growth Rate,0.056517504066865336
 Net Value Growth Rate, Debt ratio %,0.056507793394154855
 Net Value Growth Rate, Net worth/Assets,-0.05650779339415468
 ROA(B) before interest and depreciation after tax, Equity to Liability,0.05642958833514372
 Net Value Per Share (C), Regular Net Profit Growth Rate,0.05637789631404163
 Net Value Per Share (A), Regular Net Profit Growth Rate,0.0563753293931908
 Working Capital to Total Assets, Cash/Current Liability,-0.05621284808936679
 Tax rate (A), Working Capital to Total Assets,0.05610341827646297
 Current Liability to Assets, Total assets to GNP price,0.05608588838418313
 Cash Reinvestment %, Total Asset Turnover,0.05590879350401074
 Equity to Long-term Liability, Liability-Assets Flag,-0.055805305161500555
 Operating Profit Per Share (Yuan ¥), Current Liability to Equity,-0.05546100495681151
 Operating Profit Per Share (Yuan ¥), Current Liabilities/Equity,-0.05546100495681151
 Cash flow rate, Total Asset Growth Rate,0.05538866089709944
 Quick Assets/Current Liability, Current Liability to Assets,0.055301761431395646
 Per Share Net profit before tax (Yuan ¥), Total Asset Growth Rate,-0.055298494671113974
 Net Value Growth Rate, Current Liability to Equity,-0.05527915994107251
 Net Value Growth Rate, Current Liabilities/Equity,-0.05527915994107251
 Quick Asset Turnover Rate, Cash Flow to Liability,-0.05520002969387635
 Operating Expense Rate, Fixed Assets Turnover Frequency,-0.05515956040404886
 Interest-bearing debt interest rate, Quick Assets/Current Liability,0.055142565280692814
 Interest-bearing debt interest rate, Net profit before tax/Paid-in capital,0.054972437417952075
 Inventory Turnover Rate (times), Current Liability to Current Assets,-0.05489217689025482
 Current Liabilities/Liability, Cash Flow to Total Assets,0.05480910225883257
 Current Liability to Liability, Cash Flow to Total Assets,0.05480910225883257
 Net Value Per Share (B), Cash Turnover Rate,-0.05477500415124068
 After-tax Net Profit Growth Rate, Gross Profit to Sales,0.05463897278415747
 Operating Gross Margin, After-tax Net Profit Growth Rate,0.054638553514602665
 Cash Flow Per Share, Total Asset Growth Rate,0.0545342579014598
 Current Asset Turnover Rate, Cash Flow to Total Assets,-0.05451409239140932
 ROA(A) before interest and % after tax, Inventory Turnover Rate (times),-0.054496397946383966
 Realized Sales Gross Margin, After-tax Net Profit Growth Rate,0.05447015275098411
 Tax rate (A), Equity to Long-term Liability,-0.05442615750398931
 Total debt/Total net worth, Debt ratio %,-0.054049492876669034
 Total debt/Total net worth, Net worth/Assets,0.05404949287666805
 Persistent EPS in the Last Four Seasons, Contingent liabilities/Net worth,-0.053961931810939175
 Net Value Per Share (C), Cash Turnover Rate,-0.05392975200526695
 Net Value Per Share (A), Cash Turnover Rate,-0.05379658737469976
 ROA(B) before interest and depreciation after tax, Pre-tax net Interest Rate,0.05372553120143688
 Current Liability to Assets, No-credit Interval,-0.05365701937984647
 Current Liability to Assets, Cash Flow to Liability,-0.053637122730100156
 Operating profit per person, Cash Flow to Liability,0.0536268839464139
 ROA(B) before interest and depreciation after tax, Inventory Turnover Rate (times),-0.05360525771363103
 Tax rate (A), Current Liability to Current Assets,-0.053578767731233636
 ROA(A) before interest and % after tax, Pre-tax net Interest Rate,0.05351778179766288
 Regular Net Profit Growth Rate, Gross Profit to Sales,0.05343040751063266
 Operating Gross Margin, Regular Net Profit Growth Rate,0.05342977841884405
 ROA(C) before interest and depreciation before interest, Pre-tax net Interest Rate,0.05341941809282934
 Realized Sales Gross Margin, Regular Net Profit Growth Rate,0.05325869121625597
 Tax rate (A), Borrowing dependency,-0.053177332897962504
 Operating profit/Paid-in capital, Current Liabilities/Equity,-0.05316865606496988
 Operating profit/Paid-in capital, Current Liability to Equity,-0.05316865606496988
 Tax rate (A), Equity to Liability,-0.05314813833053391
 Fixed Assets Turnover Frequency, Equity to Long-term Liability,0.053103829682193765
 Cash flow rate, Fixed Assets Turnover Frequency,0.05297767627669818
 Cash Reinvestment %, Current Liability to Current Assets,-0.05297137595029438
 Long-term fund suitability ratio (A), Cash/Total Assets,0.05284491262132317
 Cash Flow Per Share, Current Liability to Current Assets,-0.05280390128393425
 ROA(C) before interest and depreciation before interest, Current Liability to Liability,0.05278278935678465
 ROA(C) before interest and depreciation before interest, Current Liabilities/Liability,0.05278278935678465
 Cash flow rate, Total assets to GNP price,-0.05276552598607612
 Inventory Turnover Rate (times), Net Income to Total Assets,-0.05266794346457202
 Accounts Receivable Turnover, Cash Flow to Sales,0.05266751770025072
 Long-term fund suitability ratio (A), Total income/Total expense,0.05258602688250856
 Cash Flow Per Share, Total Asset Turnover,0.052539124031860424
 Long-term fund suitability ratio (A), Cash Flow to Liability,0.05251672393566636
 ROA(C) before interest and depreciation before interest, Equity to Liability,0.05241634971713451
 ROA(B) before interest and depreciation after tax, Continuous interest rate (after tax),0.05226053225915802
 Net Value Per Share (B), Long-term fund suitability ratio (A),0.05225371961649404
 Net Value Per Share (A), Long-term fund suitability ratio (A),0.05224539767714038
 Persistent EPS in the Last Four Seasons, Long-term fund suitability ratio (A),0.05217784936122158
 Fixed Assets Turnover Frequency, Cash Flow to Total Assets,-0.05216901576443706
 Research and development expense rate, Cash Flow Per Share,0.05216247161509995
 Net Value Per Share (C), Long-term fund suitability ratio (A),0.05213723523681195
 Cash Flow Per Share, Equity to Liability,0.05211713740384494
 Total Asset Return Growth Rate Ratio, Operating profit/Paid-in capital,0.052078291851889565
 Total Asset Turnover, Cash Flow to Equity,0.05202350327831694
 Inventory Turnover Rate (times), Inventory/Current Liability,-0.05198705741198016
 Tax rate (A), Operating Funds to Liability,0.051844403844927466
 Working capitcal Turnover Rate, Cash Flow to Liability,0.051763028418046475
 Continuous interest rate (after tax), Revenue Per Share (Yuan ¥),0.051607008984185646
 Operating profit per person, Equity to Long-term Liability,-0.05160326766887658
 Average Collection Days, Quick Assets/Total Assets,-0.05159233444633136
 Operating Gross Margin, Non-industry income and expenditure/revenue,0.05143778098029013
 Non-industry income and expenditure/revenue, Gross Profit to Sales,0.051436915787505054
 Total debt/Total net worth, Working Capital to Total Assets,0.051384100781914084
Bankrupt?, Cash Reinvestment %,-0.0513452042838357
 ROA(C) before interest and depreciation before interest, Continuous interest rate (after tax),0.05132793789205477
 Realized Sales Gross Margin, Non-industry income and expenditure/revenue,0.05124164891828141
 Realized Sales Gross Profit Growth Rate, Total expense/Assets,0.05098211863959541
 After-tax Net Profit Growth Rate, Liability-Assets Flag,-0.05083863418022184
 Operating profit per person, Current Liability to Current Assets,-0.050780247065063344
 Tax rate (A), Inventory Turnover Rate (times),-0.050769346504762655
 Regular Net Profit Growth Rate, Liability-Assets Flag,-0.05063895163080728
 No-credit Interval, Equity to Liability,0.050609064579609765
 Total expense/Assets, Liability to Equity,0.05050103070665951
 Cash Flow to Total Assets, Net Income to Stockholder's Equity,0.05048291462581451
 Inventory and accounts receivable/Net value, Cash/Current Liability,0.05040022495784538
 ROA(A) before interest and % after tax, Interest-bearing debt interest rate,0.050362273324175866
 Interest-bearing debt interest rate, Net Value Per Share (B),0.050346755879632346
 Interest-bearing debt interest rate, Net Value Per Share (A),0.0503451630548535
 Debt ratio %, No-credit Interval,-0.050217616417396096
 Net worth/Assets, No-credit Interval,0.05021761641739594
 Interest-bearing debt interest rate, Net Value Per Share (C),0.05015864999191227
 ROA(B) before interest and depreciation after tax, After-tax net Interest Rate,0.04995204585968745
 ROA(A) before interest and % after tax, Continuous interest rate (after tax),0.04990938580243315
 Cash flow rate, Tax rate (A),0.049835405757480286
 Long-term fund suitability ratio (A), Net profit before tax/Paid-in capital,0.049831516294334265
 Realized Sales Gross Profit Growth Rate, Cash Reinvestment %,-0.049794353541824
 Working capitcal Turnover Rate, Cash Flow to Total Assets,0.04972734193352006
 ROA(A) before interest and % after tax, After-tax net Interest Rate,0.049474030376572144
 Research and development expense rate, Total expense/Assets,-0.049437549501233254
 Contingent liabilities/Net worth, Net profit before tax/Paid-in capital,-0.04942409763967592
 Inventory and accounts receivable/Net value, Cash Turnover Rate,0.049393377949372326
 Current Liability to Current Assets, No-credit Interval,-0.04934244905592865
 Contingent liabilities/Net worth, Current Liability to Assets,0.049283293462524164
 Cash flow rate, Current Assets/Total Assets,-0.04924645393318173
 ROA(C) before interest and depreciation before interest, After-tax net Interest Rate,0.04922150527549176
 Total Asset Growth Rate, Debt ratio %,-0.04919104500919012
 Total Asset Growth Rate, Net worth/Assets,0.0491910450091899
 Working Capital/Equity, Quick Asset Turnover Rate,-0.04908834042626451
 Working Capital/Equity, Current Asset Turnover Rate,-0.04894503528702743
 ROA(C) before interest and depreciation before interest, Interest-bearing debt interest rate,0.04888206761426954
 Operating profit per person, Cash/Total Assets,0.04886293668333478
 Accounts Receivable Turnover, Inventory/Current Liability,0.048829274508491206
 Inventory Turnover Rate (times), Retained Earnings to Total Assets,-0.048771907131065655
 Interest-bearing debt interest rate, Net Income to Total Assets,0.048734542294383856
 Cash/Current Liability, Fixed Assets to Assets,0.048718012636004025
 Contingent liabilities/Net worth, Accounts Receivable Turnover,0.04869081967248952
 Long-term fund suitability ratio (A), Fixed Assets Turnover Frequency,-0.048631492168946196
 Pre-tax net Interest Rate, Net Income to Total Assets,0.04858660612044992
 Total Asset Growth Rate, Cash Flow to Equity,-0.04838516975424914
 Long-term fund suitability ratio (A), Inventory and accounts receivable/Net value,0.04834918454144434
 Quick Ratio, Current Liability to Assets,0.04815270694063893
 Quick Assets/Total Assets, Net Income to Stockholder's Equity,0.04801062525576582
 Total Asset Turnover, Cash/Current Liability,-0.04797560343094003
 Net Value Per Share (C), Current Assets/Total Assets,0.047967897555519785
 Per Share Net profit before tax (Yuan ¥), Long-term fund suitability ratio (A),0.047934781099348754
 Net Value Per Share (A), Current Assets/Total Assets,0.047815682838341485
 Tax rate (A), Regular Net Profit Growth Rate,0.047700626952776964
 Inventory Turnover Rate (times), Gross Profit to Sales,0.047665980649277934
 Operating Gross Margin, Inventory Turnover Rate (times),0.04766486324976277
 Tax rate (A), After-tax Net Profit Growth Rate,0.04762139939752747
 Cash Reinvestment %, Current Assets/Total Assets,-0.04755843439013987
 Operating profit per person, Quick Asset Turnover Rate,0.04751363149497907
 Cash Reinvestment %, Long-term fund suitability ratio (A),-0.04747755213105763
 Net Value Growth Rate, Retained Earnings to Total Assets,-0.04741563100294203
 Cash Flow Per Share, Liability to Equity,-0.047298432355643225
 Equity to Long-term Liability, CFO to Assets,-0.04726827268374287
 Net Value Per Share (B), Current Assets/Total Assets,0.047254201084952895
 Per Share Net profit before tax (Yuan ¥), Contingent liabilities/Net worth,-0.047233881427283256
 Research and development expense rate, Inventory and accounts receivable/Net value,-0.04722225880386365
 Operating profit/Paid-in capital, Inventory Turnover Rate (times),-0.04708428340467192
 Realized Sales Gross Margin, Inventory Turnover Rate (times),0.04707878305973313
 Per Share Net profit before tax (Yuan ¥), Long-term Liability to Current Assets,0.04707001330453924
 Research and development expense rate, Long-term fund suitability ratio (A),-0.04701366479789574
 Realized Sales Gross Profit Growth Rate, CFO to Assets,-0.046843500977736756
 Operating Profit Per Share (Yuan ¥), Inventory Turnover Rate (times),-0.04679006494096728
 Interest-bearing debt interest rate, Net Worth Turnover Rate (times),0.04675856656527498
 ROA(B) before interest and depreciation after tax, Current Liabilities/Liability,0.04669415989420367
 ROA(B) before interest and depreciation after tax, Current Liability to Liability,0.04669415989420367
 Tax rate (A), Quick Asset Turnover Rate,0.04658643416397609
 Research and development expense rate, Current Asset Turnover Rate,-0.04646041346531445
 Operating profit/Paid-in capital, Liability-Assets Flag,-0.04644704220450717
 Current Liability to Liability, Cash Flow to Liability,0.04643260471834866
 Current Liabilities/Liability, Cash Flow to Liability,0.04643260471834866
 Operating Profit Per Share (Yuan ¥), Liability-Assets Flag,-0.04638088177807919
 After-tax net Interest Rate, Cash Flow to Total Assets,0.046314052246685354
 After-tax Net Profit Growth Rate, Operating profit per person,0.04626011398473627
 Operating Profit Growth Rate, Liability-Assets Flag,-0.04614615319045104
 Regular Net Profit Growth Rate, Operating profit per person,0.046100890677041116
 Research and development expense rate, Current Liability to Assets,-0.04607494326104028
 ROA(C) before interest and depreciation before interest, Cash/Current Liability,-0.046008944308738545
 Total expense/Assets, Cash Flow to Liability,-0.045883466492698526
 Long-term fund suitability ratio (A), Total Asset Turnover,0.04588264532871661
 ROA(B) before interest and depreciation after tax, Interest-bearing debt interest rate,0.04583920451207925
 Continuous interest rate (after tax), Net Income to Total Assets,0.0456001313361705
 Cash Reinvestment %, Equity to Liability,0.045546151780709664
 Research and development expense rate, Borrowing dependency,-0.04552859915473318
 After-tax net Interest Rate, Net Income to Total Assets,0.04538995303754583
 Working Capital to Total Assets, Inventory/Current Liability,-0.04534205806791164
 Current Liability to Assets, Equity to Long-term Liability,0.045339099570725856
 Research and development expense rate, Equity to Liability,-0.04524386620430359
 Total Asset Growth Rate, Inventory and accounts receivable/Net value,-0.045200240749005215
 Research and development expense rate, Net worth/Assets,0.045162444506901475
 Research and development expense rate, Debt ratio %,-0.04516244450689545
 Total debt/Total net worth, Current Liability to Assets,-0.04514196844878131
 Interest-bearing debt interest rate, Working Capital to Total Assets,0.04514116109256968
 Cash/Total Assets, Net Income to Stockholder's Equity,0.04507467229300281
 Cash Flow Per Share, Current Liabilities/Equity,-0.045022429585999064
 Cash Flow Per Share, Current Liability to Equity,-0.045022429585999064
Bankrupt?, Current Assets/Total Assets,-0.044823338873605595
 Working Capital to Total Assets, Working capitcal Turnover Rate,0.04479206272480748
 Accounts Receivable Turnover, Current Liability to Assets,0.04475359514915146
 Net Worth Turnover Rate (times), Cash Flow to Total Assets,0.04473909057637597
 Net Value Per Share (B), Current Liabilities/Liability,0.04468945576564798
 Net Value Per Share (B), Current Liability to Liability,0.04468945576564798
 Net Value Growth Rate, Working Capital to Total Assets,-0.04467211008073244
 Net Value Per Share (A), Current Liabilities/Liability,0.04462352229120854
 Net Value Per Share (A), Current Liability to Liability,0.04462352229120854
 Net Value Per Share (C), Current Liability to Liability,0.04453782610720145
 Net Value Per Share (C), Current Liabilities/Liability,0.04453782610720145
 Fixed Assets Turnover Frequency, Equity to Liability,0.04453764278449803
 Current Assets/Total Assets, Cash Turnover Rate,-0.04449077422554413
 Cash flow rate, Working capitcal Turnover Rate,0.04447803213268489
 Operating Profit Rate, Revenue Per Share (Yuan ¥),-0.04445999698577945
Bankrupt?, Total Asset Growth Rate,-0.044431021418011286
 Cash/Current Liability, Current Liability to Current Assets,0.04437827771318503
 Cash/Current Liability, Cash Turnover Rate,-0.044146671956985815
 Total Asset Growth Rate, Current Liabilities/Liability,-0.0441348564909706
 Total Asset Growth Rate, Current Liability to Liability,-0.0441348564909706
 Operating Profit Growth Rate, Total Asset Turnover,0.044087631799787266
 Tax rate (A), Cash Turnover Rate,0.04405053494800438
 Fixed Assets Turnover Frequency, Quick Asset Turnover Rate,-0.04395739676451993
 Net Value Per Share (B), Continuous Net Profit Growth Rate,0.04386533956599895
 Net Value Per Share (A), Continuous Net Profit Growth Rate,0.04376665574490289
 Net Value Per Share (C), Continuous Net Profit Growth Rate,0.04375065683940147
 Current Asset Turnover Rate, Liability to Equity,0.043729830417681914
 Debt ratio %, Inventory Turnover Rate (times),-0.04362888940840291
 Net worth/Assets, Inventory Turnover Rate (times),0.04362888940839976
 Realized Sales Gross Margin, Total income/Total expense,0.04360996035463458
 Total income/Total expense, Gross Profit to Sales,0.04360917893908595
 Operating Gross Margin, Total income/Total expense,0.04360755913934354
 Fixed Assets Turnover Frequency, Current Liabilities/Equity,-0.043548335806912565
 Fixed Assets Turnover Frequency, Current Liability to Equity,-0.043548335806912565
 Research and development expense rate, Operating profit per person,-0.04350914877628377
 Long-term fund suitability ratio (A), Operating profit/Paid-in capital,0.04329760847522935
 Operating Profit Per Share (Yuan ¥), Long-term fund suitability ratio (A),0.04327322238828497
 Non-industry income and expenditure/revenue, After-tax Net Profit Growth Rate,0.04317881886863446
Bankrupt?, Cash Flow to Liability,-0.04312504824535533
 Net Value Per Share (C), Quick Asset Turnover Rate,-0.043121399700073886
 Net Value Per Share (B), Quick Asset Turnover Rate,-0.04303785351000836
 Cash Flow to Sales, Cash Flow to Equity,0.043020940740355916
 Non-industry income and expenditure/revenue, Regular Net Profit Growth Rate,0.04295133052604248
 Retained Earnings to Total Assets, Equity to Liability,0.0429356559517444
 Net Value Per Share (A), Quick Asset Turnover Rate,-0.042925998732610236
 Cash Flow Per Share, Current Asset Turnover Rate,0.042715971447720304
 Net Value Growth Rate, Total expense/Assets,0.0426003411377496
 Inventory and accounts receivable/Net value, Accounts Receivable Turnover,0.04255168190003475
 Working Capital/Equity, Cash Flow to Liability,0.04251802984460065
 Operating Expense Rate, Operating Funds to Liability,-0.04239602186451621
 Operating Funds to Liability, Long-term Liability to Current Assets,0.04235535678292801
 Continuous interest rate (after tax), Cash Flow to Total Assets,0.04232829066659052
 Research and development expense rate, Cash Reinvestment %,0.04226924892189385
 Quick Asset Turnover Rate, CFO to Assets,-0.042235729231338996
 ROA(A) before interest and % after tax, Operating Profit Growth Rate,0.04220758682682063
 Research and development expense rate, Cash/Current Liability,-0.04213272665503329
 Fixed Assets Turnover Frequency, Current Asset Turnover Rate,-0.042102858003677794
 Total Asset Turnover, Total assets to GNP price,0.041944210512457884
 Cash Reinvestment %, Total assets to GNP price,-0.04188852479803239
 Pre-tax net Interest Rate, Cash Flow to Total Assets,0.04184490397875274
 Quick Asset Turnover Rate, Equity to Long-term Liability,0.04166708317928358
 Net Worth Turnover Rate (times), Cash Turnover Rate,0.04166320359455577
 Realized Sales Gross Margin, Cash Flow to Sales,-0.041603986072124614
 Cash Flow to Sales, Gross Profit to Sales,-0.041559657151667206
 Operating Gross Margin, Cash Flow to Sales,-0.04155873217782666
 Cash Reinvestment %, Cash Turnover Rate,-0.041483470205063065
 Interest-bearing debt interest rate, Current Liability to Assets,-0.041390138532996494
 Total Asset Return Growth Rate Ratio, Total Asset Turnover,0.041372044127002884
 Operating Profit Per Share (Yuan ¥), Total Asset Growth Rate,-0.041334328043838076
 ROA(B) before interest and depreciation after tax, Cash/Current Liability,-0.04129644230936158
 Total Asset Turnover, Net Income to Stockholder's Equity,0.041242225759308235
 Inventory and accounts receivable/Net value, Current Asset Turnover Rate,0.041233121812172306
 Current Liability to Liability, Cash Flow to Equity,0.0411937822052718
 Current Liabilities/Liability, Cash Flow to Equity,0.0411937822052718
 Borrowing dependency, Cash/Current Liability,0.041093759018291307
 Debt ratio %, Total assets to GNP price,0.041054626527272674
 Net worth/Assets, Total assets to GNP price,-0.04105462652727251
 Operating Profit Growth Rate, Net Income to Total Assets,0.04104554482865066
 Tax rate (A), Working Capital/Equity,0.04103776051239131
 Accounts Receivable Turnover, Working Capital to Total Assets,-0.04097090925512825
 Long-term fund suitability ratio (A), Quick Assets/Total Assets,0.04082097818988984
 Operating Expense Rate, Cash Turnover Rate,0.04073016560554897
 After-tax net Interest Rate, Working Capital to Total Assets,0.040404706049149475
 Long-term fund suitability ratio (A), Inventory Turnover Rate (times),-0.04027208486092344
 Total assets to GNP price, Net Income to Stockholder's Equity,-0.040216641800031296
 Inventory and accounts receivable/Net value, Working Capital/Equity,0.04018751509540632
 Average Collection Days, Total expense/Assets,0.04017887393399144
 Cash flow rate, Equity to Long-term Liability,-0.04017785485538726
 Fixed Assets Turnover Frequency, Cash Turnover Rate,-0.03982826009854763
 Current Liability to Liability, Current Liability to Current Assets,-0.03973647347605857
 Current Liabilities/Liability, Current Liability to Current Assets,-0.03973647347605857
Bankrupt?, Revenue per person,0.03971847652523984
 Revenue per person, Working capitcal Turnover Rate,-0.03960648551593379
 Current Liabilities/Equity, Current Asset Turnover Rate,0.039556868380025735
 Current Asset Turnover Rate, Current Liability to Equity,0.03955686838002572
 Quick Assets/Current Liability, No-credit Interval,-0.03953755800536756
 Net worth/Assets, Quick Assets/Current Liability,-0.03945479735714373
 Debt ratio %, Quick Assets/Current Liability,0.03945479735714319
 Current Assets/Total Assets, Liability to Equity,0.03944914068035441
 Quick Assets/Total Assets, Quick Assets/Current Liability,-0.039132758617229674
 Current Liabilities/Liability, Quick Asset Turnover Rate,-0.03908350674306371
 Quick Asset Turnover Rate, Current Liability to Liability,-0.03908350674306368
 Total Asset Growth Rate, Operating profit/Paid-in capital,-0.03897824954790946
 Total Asset Growth Rate, Total assets to GNP price,-0.03890933291573876
 Current Assets/Total Assets, Net Income to Stockholder's Equity,0.038880047910841334
 Total Asset Return Growth Rate Ratio, Current Assets/Total Assets,0.03887188037377742
 Current Ratio, Operating profit per person,0.03883924073280154
 Total Asset Return Growth Rate Ratio, Cash Flow to Total Assets,0.038568588761989375
 Tax rate (A), Current Liability to Assets,0.03852047221354521
 Net Value Growth Rate, Net profit before tax/Paid-in capital,-0.038360611995374834
 Cash flow rate, Long-term fund suitability ratio (A),0.03830810457239514
 Interest-bearing debt interest rate, Equity to Long-term Liability,0.038228906019033865
 Operating profit/Paid-in capital, Inventory/Current Liability,0.03821720523287694
 Working Capital to Total Assets, No-credit Interval,0.03820881281568592
 Current Liabilities/Liability, Current Asset Turnover Rate,-0.038197995756219724
 Current Asset Turnover Rate, Current Liability to Liability,-0.0381979957562197
 Cash/Current Liability, Equity to Liability,-0.03800428565467016
 Persistent EPS in the Last Four Seasons, Inventory and accounts receivable/Net value,-0.03798592327748201
 After-tax net Interest Rate, Current Assets/Total Assets,0.03783550622989146
 Contingent liabilities/Net worth, Net Income to Total Assets,-0.03782150426679785
Bankrupt?, After-tax Net Profit Growth Rate,-0.03778297291183283
 Current Liability to Assets, Cash Flow to Total Assets,-0.037779676409170626
 Cash Flow Per Share, Current Assets/Total Assets,-0.037778355705846554
 Quick Ratio, Total Asset Turnover,-0.03777041714067879
 Pre-tax net Interest Rate, Total Asset Growth Rate,0.03763259646288512
 Per Share Net profit before tax (Yuan ¥), Net Value Growth Rate,-0.0376294405595278
 Operating Profit Per Share (Yuan ¥), Inventory/Current Liability,0.03754204646151478
 Debt ratio %, Total expense/Assets,0.037513380063081074
 Net worth/Assets, Total expense/Assets,-0.037513380063080345
 Total Asset Turnover, Cash Flow to Liability,0.03750947037396635
 Revenue Per Share (Yuan ¥), Inventory/Current Liability,0.03749437838505986
 Cash Flow Per Share, Equity to Long-term Liability,-0.03748814573964414
 ROA(A) before interest and % after tax, Cash/Current Liability,-0.03746756870155644
 Research and development expense rate, Current Liability to Equity,-0.037451958867854816
 Research and development expense rate, Current Liabilities/Equity,-0.037451958867854816
 Debt ratio %, Revenue per person,0.037411693718688015
 Net worth/Assets, Revenue per person,-0.03741169371868769
 Cash Flow Per Share, Liability-Assets Flag,-0.03740278965548163
 Cash Flow Per Share, Inventory Turnover Rate (times),-0.037356786715563216
 Cash Reinvestment %, Current Asset Turnover Rate,0.03731169539734262
 Cash Flow to Sales, Cash Flow to Liability,0.037195632348246535
 Revenue Per Share (Yuan ¥), Cash Flow to Sales,0.03716474014448329
 Pre-tax net Interest Rate, Current Assets/Total Assets,0.037155865863071326
 Quick Ratio, Inventory and accounts receivable/Net value,0.03714128052696872
 Total Asset Growth Rate, Total Asset Return Growth Rate Ratio,-0.03713551939272203
 After-tax net Interest Rate, Total Asset Growth Rate,0.03706598679625269
 Inventory and accounts receivable/Net value, Total expense/Assets,0.03705472971027504
 ROA(A) before interest and % after tax, Net Worth Turnover Rate (times),0.03692476961911508
 Accounts Receivable Turnover, Cash/Current Liability,0.03691244871582503
Bankrupt?, Regular Net Profit Growth Rate,-0.03681967684145989
 Persistent EPS in the Last Four Seasons, Total Asset Growth Rate,-0.03674340079452079
 Persistent EPS in the Last Four Seasons, Equity to Liability,0.03672159164199021
 Working Capital to Total Assets, Degree of Financial Leverage (DFL),-0.036716294934369495
 Cash Reinvestment %, Working Capital/Equity,0.03670640201193555
 Long-term fund suitability ratio (A), Current Liability to Assets,0.0366485798374516
 ROA(C) before interest and depreciation before interest, Operating Profit Growth Rate,0.036510592899000056
 Pre-tax net Interest Rate, Working Capital to Total Assets,0.03634704577162191
 Net profit before tax/Paid-in capital, Inventory/Current Liability,0.036318369780898356
 Total Asset Growth Rate, Current Liabilities/Equity,-0.036282689384171896
 Total Asset Growth Rate, Current Liability to Equity,-0.036282689384171896
 Working Capital to Total Assets, Cash Flow to Sales,0.03627560097821235
 Pre-tax net Interest Rate, Retained Earnings to Total Assets,0.036235849663109464
 Quick Assets/Total Assets, Inventory/Current Liability,0.03622312361211898
 Interest-bearing debt interest rate, Fixed Assets Turnover Frequency,-0.03621277098031154
 Continuous Net Profit Growth Rate, Total Asset Return Growth Rate Ratio,0.03619801000183873
 ROA(A) before interest and % after tax, Contingent liabilities/Net worth,-0.03618321242173094
 ROA(B) before interest and depreciation after tax, Operating Profit Growth Rate,0.03614423853662727
 Operating Funds to Liability, Total income/Total expense,0.03607675541323381
 Net Value Growth Rate, Fixed Assets Turnover Frequency,0.03600381597594368
 Revenue Per Share (Yuan ¥), Total Asset Turnover,-0.03597967960320121
 CFO to Assets, Liability-Assets Flag,-0.03591250026400428
 Operating Expense Rate, Current Liabilities/Equity,0.03589853329551475
 Operating Expense Rate, Current Liability to Equity,0.03589853329551475
 Non-industry income and expenditure/revenue, Quick Ratio,-0.03578399542375261
 ROA(C) before interest and depreciation before interest, Contingent liabilities/Net worth,-0.03572911507350405
 ROA(C) before interest and depreciation before interest, Operating Profit Rate,0.03572473053506019
 Total Asset Growth Rate, Average Collection Days,-0.035608093487135076
 Current Liability to Assets, Working capitcal Turnover Rate,-0.035565530244174165
 Research and development expense rate, Operating Funds to Liability,0.0355210507317468
 Interest-bearing debt interest rate, Inventory and accounts receivable/Net value,0.03548624860727649
 Realized Sales Gross Margin, Inventory/Current Liability,0.03547848691894174
 Research and development expense rate, Liability to Equity,-0.03536298626975062
 Current Asset Turnover Rate, CFO to Assets,0.035322216122919595
 Net profit before tax/Paid-in capital, Cash/Current Liability,-0.03531358555092895
 Inventory and accounts receivable/Net value, Fixed Assets to Assets,0.03528142235159958
 Tax rate (A), Cash/Current Liability,-0.03526520216547262
 Allocation rate per person, Quick Assets/Total Assets,0.035254057593035605
 Regular Net Profit Growth Rate, Net Worth Turnover Rate (times),0.03522390803371638
 Operating Gross Margin, Inventory/Current Liability,0.03521842577651213
 Inventory/Current Liability, Gross Profit to Sales,0.035216962199626674
 ROA(B) before interest and depreciation after tax, Operating Profit Rate,0.035212360525536945
 Pre-tax net Interest Rate, After-tax Net Profit Growth Rate,0.035150273513869255
 Continuous interest rate (after tax), Working Capital to Total Assets,0.035148388485654485
 After-tax Net Profit Growth Rate, Net Worth Turnover Rate (times),0.035120694074958034
 Realized Sales Gross Profit Growth Rate, Total Asset Growth Rate,-0.035115587521036884
Bankrupt?, Total assets to GNP price,0.035104178886588754
 Realized Sales Gross Margin, Inventory/Working Capital,-0.0350854254671543
 Total Asset Turnover, Allocation rate per person,0.035084185720125644
 Operating Gross Margin, Inventory/Working Capital,-0.03502532038098478
 Inventory/Working Capital, Gross Profit to Sales,-0.035024488513557314
 Continuous interest rate (after tax), Total Asset Growth Rate,0.03496228528930295
 Cash Reinvestment %, Fixed Assets to Assets,-0.034956016700140514
 Pre-tax net Interest Rate, Regular Net Profit Growth Rate,0.0349143094228177
 Continuous interest rate (after tax), Current Assets/Total Assets,0.034864631595367394
 Per Share Net profit before tax (Yuan ¥), Cash/Current Liability,-0.03486156124170812
 Operating Expense Rate, Liability to Equity,0.03480947475628846
 Continuous interest rate (after tax), Retained Earnings to Total Assets,0.034777098233605676
 Operating profit per person, Quick Assets/Current Liability,0.03470432246252601
 Net Worth Turnover Rate (times), Net Income to Stockholder's Equity,-0.034698973124628364
 Tax rate (A), Interest Expense Ratio,0.034656420601354
 Research and development expense rate, Quick Asset Turnover Rate,-0.03464310453905116
 After-tax net Interest Rate, Retained Earnings to Total Assets,0.03457337401873196
 Research and development expense rate, Accounts Receivable Turnover,-0.03450766628807051
 Operating Profit Rate, Total Asset Growth Rate,0.03446484114448422
 Persistent EPS in the Last Four Seasons, Cash/Current Liability,-0.03440441652718974
 Cash/Current Liability, Net Income to Total Assets,-0.034388898407556434
 Interest Expense Ratio, Interest Coverage Ratio (Interest expense to EBIT),-0.03432140950867032
 Persistent EPS in the Last Four Seasons, Cash Turnover Rate,-0.03425585833408627
 Current Liabilities/Liability, Total assets to GNP price,0.03422871492120631
 Current Liability to Liability, Total assets to GNP price,0.03422871492120631
 ROA(B) before interest and depreciation after tax, Contingent liabilities/Net worth,-0.03417737365744338
 Borrowing dependency, Accounts Receivable Turnover,0.03411302132265389
 Pre-tax net Interest Rate, Per Share Net profit before tax (Yuan ¥),0.034045617090135684
 Cash Flow to Total Assets, Equity to Liability,0.034014526593203184
 ROA(C) before interest and depreciation before interest, Accounts Receivable Turnover,-0.03394661269414585
 Total Asset Growth Rate, Long-term fund suitability ratio (A),-0.03392572502223639
 Pre-tax net Interest Rate, Net profit before tax/Paid-in capital,0.033899530737841375
 Operating Profit Rate, Current Assets/Total Assets,0.033820533529009315
 ROA(B) before interest and depreciation after tax, Accounts Receivable Turnover,-0.03376819390055636
 Current Assets/Total Assets, Total assets to GNP price,0.033760002786505636
 Pre-tax net Interest Rate, Persistent EPS in the Last Four Seasons,0.03372611640334961
 Inventory Turnover Rate (times), CFO to Assets,-0.03369457758618751
 Working Capital to Total Assets, Quick Assets/Current Liability,-0.033668876509868516
 Operating Funds to Liability, Working Capital/Equity,0.033619062097817155
 Per Share Net profit before tax (Yuan ¥), Inventory/Current Liability,0.033599175678868026
 Revenue per person, No-credit Interval,0.03359794053665803
 After-tax Net Profit Growth Rate, Current Liability to Current Assets,-0.0335975526088403
 Interest-bearing debt interest rate, Liability-Assets Flag,0.03357081490447983
 Persistent EPS in the Last Four Seasons, Total assets to GNP price,-0.03350923095305079
 Quick Ratio, Net worth/Assets,-0.03341016283179356
 Quick Ratio, Debt ratio %,0.03341016283179234
 Regular Net Profit Growth Rate, Current Liability to Current Assets,-0.03339484133189857
 Accounts Receivable Turnover, Current Liabilities/Equity,0.03332222331214608
 Accounts Receivable Turnover, Current Liability to Equity,0.03332222331214608
 Non-industry income and expenditure/revenue, Cash Flow to Total Assets,0.033284707144671036
 Current Asset Turnover Rate, Cash Flow to Equity,-0.03322135475377237
 Non-industry income and expenditure/revenue, Debt ratio %,-0.03321408486756809
 Non-industry income and expenditure/revenue, Net worth/Assets,0.033214084867567974
 Working capitcal Turnover Rate, Cash Flow to Equity,0.03314479320700596
 Net Value Per Share (B), Cash/Current Liability,-0.033077800327891295
 Total Asset Growth Rate, Liability to Equity,-0.033052289525220456
 Pre-tax net Interest Rate, Net Value Per Share (C),0.0330350776324248
 Pre-tax net Interest Rate, Net Value Per Share (B),0.033033822159511346
 Pre-tax net Interest Rate, Net Value Per Share (A),0.03301484184039912
 Cash/Current Liability, Total expense/Assets,-0.033006590813118936
 Operating Profit Growth Rate, Net Worth Turnover Rate (times),0.032999682207127214
 Liability-Assets Flag, Gross Profit to Sales,-0.03293212120825206
 Operating Gross Margin, Liability-Assets Flag,-0.03293001594165061
 Realized Sales Gross Margin, Liability-Assets Flag,-0.032919629703985764
 Net Value Per Share (B), Net Worth Turnover Rate (times),-0.032829255916711604
 Regular Net Profit Growth Rate, Total expense/Assets,-0.03282651269948093
 Current Liability to Assets, Long-term Liability to Current Assets,0.03281914983435233
 Liability-Assets Flag, Total assets to GNP price,0.03278777704969888
 Cash/Current Liability, Current Liabilities/Equity,0.03277636074583448
 Cash/Current Liability, Current Liability to Equity,0.03277636074583448
 Net Value Per Share (A), Cash/Current Liability,-0.03275618073375924
 Current Liability to Assets, Fixed Assets to Assets,0.03264578180016878
 Total Asset Growth Rate, Net Income to Stockholder's Equity,0.032565307776340965
 Pre-tax net Interest Rate, Gross Profit to Sales,0.03249358310596715
 Operating Gross Margin, Pre-tax net Interest Rate,0.03249272873864244
 Net Value Per Share (C), Net Worth Turnover Rate (times),-0.03245497990870177
 Net Value Per Share (A), Net Worth Turnover Rate (times),-0.032439867952245745
 Current Asset Turnover Rate, Equity to Long-term Liability,0.03243435174215483
 Operating profit/Paid-in capital, Total assets to GNP price,-0.032402935948740726
 Accounts Receivable Turnover, Revenue per person,0.03239827379492409
 Total Asset Growth Rate, Quick Asset Turnover Rate,0.032340490379002856
 Operating Profit Per Share (Yuan ¥), Total assets to GNP price,-0.03229943916966354
 Realized Sales Gross Margin, Pre-tax net Interest Rate,0.03223157617266896
 Allocation rate per person, Current Assets/Total Assets,0.032206666815984136
 Quick Assets/Total Assets, Inventory/Working Capital,-0.03220431201188642
 Total Asset Return Growth Rate Ratio, Cash Reinvestment %,-0.03207838026990764
 Accounts Receivable Turnover, Net Worth Turnover Rate (times),-0.03207130626992201
 ROA(A) before interest and % after tax, Operating Profit Rate,0.03205334058521579
 Continuous interest rate (after tax), Persistent EPS in the Last Four Seasons,0.032050695548616254
 Quick Assets/Total Assets, Long-term Liability to Current Assets,0.03204263856205603
 After-tax Net Profit Growth Rate, Working Capital to Total Assets,0.03192815292178244
 Revenue per person, Equity to Long-term Liability,0.031913873664667844
 Persistent EPS in the Last Four Seasons, Inventory/Current Liability,0.031821159998110374
 Pre-tax net Interest Rate, CFO to Assets,0.031812978683334804
 Regular Net Profit Growth Rate, Working Capital to Total Assets,0.03176433444774029
 Long-term fund suitability ratio (A), CFO to Assets,-0.03175786940698537
 Debt ratio %, Working capitcal Turnover Rate,-0.03171538008051935
 Net worth/Assets, Working capitcal Turnover Rate,0.03171538008051928
 Long-term fund suitability ratio (A), Working Capital/Equity,0.03166672522299491
 Long-term fund suitability ratio (A), Working capitcal Turnover Rate,0.03163692337252535
 Per Share Net profit before tax (Yuan ¥), Inventory and accounts receivable/Net value,-0.03161322366059405
 After-tax Net Profit Growth Rate, Total expense/Assets,-0.031487273212693456
 After-tax net Interest Rate, Quick Assets/Total Assets,0.03145256508537152
 After-tax net Interest Rate, Net Value Per Share (B),0.031369257465634556
 After-tax net Interest Rate, Net Value Per Share (C),0.03136697913191445
 After-tax net Interest Rate, Net Value Per Share (A),0.03134660692770639
 Total income/Total expense, Equity to Liability,0.03132477231926494
 Net profit before tax/Paid-in capital, Equity to Liability,0.03129230921246213
 ROA(A) before interest and % after tax, Accounts Receivable Turnover,-0.03126219106768775
 After-tax net Interest Rate, After-tax Net Profit Growth Rate,0.031222684546630936
 Net profit before tax/Paid-in capital, Cash Turnover Rate,-0.031204214190627518
 Cash Flow Per Share, Long-term Liability to Current Assets,0.031188452925260256
 Cash flow rate, Quick Assets/Total Assets,0.03113467815730672
 Current Assets/Total Assets, Degree of Financial Leverage (DFL),-0.031048840967330942
 Realized Sales Gross Margin, Cash/Current Liability,-0.031045240468480274
 Net Value Per Share (C), Cash/Current Liability,-0.031013342188055362
 Cash Flow Per Share, Long-term fund suitability ratio (A),-0.030964316304535604
 After-tax net Interest Rate, Regular Net Profit Growth Rate,0.030963891935769625
 Non-industry income and expenditure/revenue, Inventory/Current Liability,-0.030962739704765378
 Research and development expense rate, Cash flow rate,0.030917666419019756
 Operating Gross Margin, Cash/Current Liability,-0.03090058403324333
 Cash/Current Liability, Gross Profit to Sales,-0.030899633842670412
 Total Asset Growth Rate, Accounts Receivable Turnover,-0.03086619289468382
 Continuous interest rate (after tax), Net Value Per Share (C),0.030840302387070716
 Continuous interest rate (after tax), Net Value Per Share (B),0.030839292863448615
 Continuous interest rate (after tax), Net Value Per Share (A),0.030835048240576146
 Pre-tax net Interest Rate, Quick Assets/Total Assets,0.03081871619488522
 After-tax net Interest Rate, Persistent EPS in the Last Four Seasons,0.030767834193153085
 Realized Sales Gross Margin, Cash Flow to Equity,0.030676148687684122
 Operating Funds to Liability, Working capitcal Turnover Rate,0.030672352476588463
 Operating Gross Margin, Cash Flow to Equity,0.030672217770589823
 Cash Flow to Equity, Gross Profit to Sales,0.030672094698022016
 Total Asset Turnover, Operating Funds to Liability,-0.030659915050084037
 Continuous interest rate (after tax), CFO to Assets,0.03065274034732627
 After-tax net Interest Rate, Per Share Net profit before tax (Yuan ¥),0.030621347989952374
 After-tax net Interest Rate, Net profit before tax/Paid-in capital,0.030567766090012858
 Regular Net Profit Growth Rate, Net worth/Assets,0.030511716313867416
 Regular Net Profit Growth Rate, Debt ratio %,-0.03051171631386716
 Interest Expense Ratio, Current Asset Turnover Rate,0.030494076563156152
 Continuous interest rate (after tax), Per Share Net profit before tax (Yuan ¥),0.030487435541770608
 Quick Assets/Total Assets, Degree of Financial Leverage (DFL),-0.030418737899210263
 ROA(B) before interest and depreciation after tax, Cash Turnover Rate,-0.03040969781164837
 Net profit before tax/Paid-in capital, Inventory and accounts receivable/Net value,-0.030407633773474902
 Continuous interest rate (after tax), Net profit before tax/Paid-in capital,0.03033427805162963
 Revenue per person, Working Capital to Total Assets,-0.030332432182257153
 Current Asset Turnover Rate, Cash Flow to Liability,-0.03032436979582874
 Tax rate (A), Cash Flow to Total Assets,0.030302093008271663
 Total Asset Growth Rate, Inventory Turnover Rate (times),0.030277144720911715
 Tax rate (A), Interest Coverage Ratio (Interest expense to EBIT),0.030275073061706258
 Operating profit per person, Equity to Liability,-0.03026098008357727
 Total debt/Total net worth, Long-term fund suitability ratio (A),0.03025642274305137
 Operating profit per person, Liability-Assets Flag,-0.030240887632042447
 After-tax Net Profit Growth Rate, Net worth/Assets,0.030239527403583568
 After-tax Net Profit Growth Rate, Debt ratio %,-0.030239527403583318
 Net Value Per Share (B), Net Value Growth Rate,-0.030175325283703303
 Net Value Per Share (C), Net Value Growth Rate,-0.03009870862259736
 Net Value Per Share (A), Net Value Growth Rate,-0.030088598965197475
 After-tax net Interest Rate, Cash Flow to Equity,0.030022126891702507
 Tax rate (A), Liability to Equity,-0.030002228039275113
 Borrowing dependency, Revenue per person,0.029948994628311805
 Cash/Current Liability, Liability to Equity,0.029935103869614305
 ROA(B) before interest and depreciation after tax, Quick Asset Turnover Rate,-0.029927819570389768
 Net worth/Assets, Accounts Receivable Turnover,-0.029924288051989757
 Debt ratio %, Accounts Receivable Turnover,0.02992428805198877
 Cash/Current Liability, CFO to Assets,-0.029892853692910327
 Per Share Net profit before tax (Yuan ¥), Cash Turnover Rate,-0.02982652773445145
 Quick Ratio, Cash/Total Assets,-0.029790269414449042
 Per Share Net profit before tax (Yuan ¥), Operating Profit Growth Rate,0.029782079417162287
 Research and development expense rate, Total Asset Return Growth Rate Ratio,0.029751886190116004
 Operating Expense Rate, Net Income to Stockholder's Equity,0.029732768205188352
 Revenue per person, Quick Assets/Total Assets,-0.029715417424288702
 Pre-tax net Interest Rate, Total Asset Turnover,0.02966697441912895
 ROA(A) before interest and % after tax, Non-industry income and expenditure/revenue,0.029648763441479
 Net Income to Stockholder's Equity, Equity to Liability,0.029622278300379827
 Revenue Per Share (Yuan ¥), Total debt/Total net worth,0.029592188624271556
 Current Assets/Total Assets, Long-term Liability to Current Assets,0.029544223497538522
 After-tax net Interest Rate, Total Asset Turnover,0.029503860022627747
 ROA(C) before interest and depreciation before interest, Cash Turnover Rate,-0.029476754164865924
 Accounts Receivable Turnover, Quick Asset Turnover Rate,-0.029472108309935234
 Operating Profit Rate, Total Asset Turnover,0.029456333137921856
 After-tax net Interest Rate, CFO to Assets,0.029454479499203167
 Current Assets/Total Assets, Total income/Total expense,-0.029451032600870394
 Continuous interest rate (after tax), Gross Profit to Sales,0.029430591382168317
 Operating Gross Margin, Continuous interest rate (after tax),0.02942981596856327
 Persistent EPS in the Last Four Seasons, Quick Asset Turnover Rate,-0.02935227862665385
 Net profit before tax/Paid-in capital, Total assets to GNP price,-0.029307972726396105
 Realized Sales Gross Margin, Continuous interest rate (after tax),0.029165936247242202
 Inventory/Current Liability, Quick Asset Turnover Rate,-0.02914778504969082
 Current Ratio, Current Assets/Total Assets,-0.029001608669883144
 Regular Net Profit Growth Rate, Quick Assets/Total Assets,0.02895864527650677
 Interest-bearing debt interest rate, Equity to Liability,0.028944670482635028
 Net Value Per Share (C), Contingent liabilities/Net worth,-0.028923399355897318
 Net Value Per Share (A), Contingent liabilities/Net worth,-0.028915081385019185
 Quick Assets/Total Assets, No-credit Interval,0.028875705534325266
 ROA(A) before interest and % after tax, Total income/Total expense,0.028873151406189262
 Borrowing dependency, Current Asset Turnover Rate,0.028853601790218987
 Per Share Net profit before tax (Yuan ¥), Total assets to GNP price,-0.028836993788633723
 Operating Funds to Liability, Inventory/Current Liability,0.028831127843420807
 Total Asset Growth Rate, Net profit before tax/Paid-in capital,-0.028556600731288056
 Cash Flow Per Share, Inventory/Current Liability,0.028554688133136896
 Continuous interest rate (after tax), Quick Assets/Total Assets,0.02854669688387244
 Operating Profit Rate, Net Income to Total Assets,0.028482200253136653
 After-tax Net Profit Growth Rate, Quick Assets/Total Assets,0.02847801989800457
 Research and development expense rate, Average Collection Days,-0.028470952822798937
 Tax rate (A), Liability-Assets Flag,-0.028424798156490596
 Non-industry income and expenditure/revenue, Net Income to Total Assets,0.028422670292985553
 Cash Reinvestment %, Quick Assets/Current Liability,-0.028415201202110957
 Net Value Per Share (B), Contingent liabilities/Net worth,-0.028405927666599714
 Current Assets/Total Assets, Inventory/Current Liability,-0.02839650950460078
 Cash Flow Per Share, Quick Asset Turnover Rate,-0.028332212186626817
 Operating Expense Rate, Accounts Receivable Turnover,-0.02833072957701769
 Quick Assets/Total Assets, Total assets to GNP price,0.02823759876697558
 Per Share Net profit before tax (Yuan ¥), Equity to Liability,0.02818477889932037
 Realized Sales Gross Profit Growth Rate, Current Assets/Total Assets,0.028146430024610373
 Contingent liabilities/Net worth, Current Assets/Total Assets,-0.028116785315021733
 Research and development expense rate, Allocation rate per person,-0.028073024140393244
 Quick Ratio, Current Liabilities/Liability,0.028012221390597926
 Quick Ratio, Current Liability to Liability,0.028012221390597926
 Operating Profit Growth Rate, Net profit before tax/Paid-in capital,0.02799717951812784
 Net worth/Assets, Total income/Total expense,0.027994873420391527
 Debt ratio %, Total income/Total expense,-0.02799487342039113
 Revenue Per Share (Yuan ¥), Current Liability to Liability,-0.027977463285618377
 Revenue Per Share (Yuan ¥), Current Liabilities/Liability,-0.027977463285618377
 Operating Profit Per Share (Yuan ¥), Operating Profit Growth Rate,0.027940836677648326
 Equity to Long-term Liability, Cash Flow to Total Assets,-0.02792470131157647
 Total debt/Total net worth, Total Asset Turnover,-0.027846578459974704
 Total Asset Growth Rate, Liability-Assets Flag,-0.02776614976523104
 Continuous interest rate (after tax), Cash flow rate,0.02772967747600867
 Continuous interest rate (after tax), Total Asset Turnover,0.02771102696566902
 Total Asset Growth Rate, Current Liability to Current Assets,-0.02770320332634112
 Operating Profit Growth Rate, Operating profit/Paid-in capital,0.027680193780925934
 Revenue per person, Current Liability to Current Assets,0.027678420647837706
 Revenue per person, Current Liability to Liability,-0.027657439629037696
 Revenue per person, Current Liabilities/Liability,-0.027657439629037696
 Liability-Assets Flag, Equity to Liability,-0.027572704258889975
 Average Collection Days, Working Capital to Total Assets,-0.027485699836030743
 Operating Profit Rate, Revenue per person,-0.027450322666788658
 Long-term fund suitability ratio (A), Cash Flow to Total Assets,0.027431746549628686
 Total Asset Return Growth Rate Ratio, Net Worth Turnover Rate (times),0.027419268993052734
 After-tax Net Profit Growth Rate, Cash Flow to Total Assets,0.02741076127212618
 ROA(C) before interest and depreciation before interest, Quick Asset Turnover Rate,-0.027280238645234135
 Revenue Per Share (Yuan ¥), No-credit Interval,0.027256282657556755
 After-tax net Interest Rate, Gross Profit to Sales,0.027176047239735643
 Operating Gross Margin, After-tax net Interest Rate,0.02717530077150084
 Inventory and accounts receivable/Net value, Current Liability to Current Assets,0.027166400873411784
 Current Liability to Assets, Cash Flow to Equity,0.027141667649123992
 Continuous interest rate (after tax), Cash Flow to Equity,0.027139757074862273
 Inventory and accounts receivable/Net value, Total assets to GNP price,0.027074226700713275
 Total Asset Return Growth Rate Ratio, Current Liability to Liability,0.027072741910791304
 Total Asset Return Growth Rate Ratio, Current Liabilities/Liability,0.027072741910791304
 Current Liabilities/Liability, Retained Earnings to Total Assets,0.027069630347198295
 Retained Earnings to Total Assets, Current Liability to Liability,0.02706963034719829
 Total income/Total expense, Net Income to Total Assets,0.02706512195065913
 Quick Ratio, Current Assets/Total Assets,0.027030521272815126
 Tax rate (A), Inventory and accounts receivable/Net value,0.027022438159425802
 ROA(A) before interest and % after tax, Total Asset Growth Rate,0.026976681701490753
 Debt ratio %, Inventory/Current Liability,0.0269337092028021
 Net worth/Assets, Inventory/Current Liability,-0.026933709202800724
 Current Liabilities/Liability, Working capitcal Turnover Rate,-0.026894745032133852
 Working capitcal Turnover Rate, Current Liability to Liability,-0.026894745032133818
 Regular Net Profit Growth Rate, Cash Flow to Total Assets,0.026884356684594678
 Realized Sales Gross Margin, After-tax net Interest Rate,0.026851472406122033
 Interest-bearing debt interest rate, Quick Asset Turnover Rate,-0.02682132600093644
 Cash/Total Assets, Inventory/Current Liability,0.026710245590567207
 Operating Profit Rate, CFO to Assets,0.026682227929497652
 Fixed Assets Turnover Frequency, Cash Flow to Equity,-0.026668548120140502
 Cash Flow to Liability, Net Income to Stockholder's Equity,0.026664457311334707
 Accounts Receivable Turnover, CFO to Assets,-0.02665871662052169
 Total expense/Assets, Current Asset Turnover Rate,0.02654738181683692
 Operating Gross Margin, Total Asset Return Growth Rate Ratio,0.026544637341316672
 Total Asset Return Growth Rate Ratio, Gross Profit to Sales,0.026544023304484646
 Cash/Current Liability, Quick Asset Turnover Rate,0.02652946338728524
 Current Liability to Equity, Total assets to GNP price,0.02649407840975098
 Current Liabilities/Equity, Total assets to GNP price,0.02649407840975098
 Realized Sales Gross Margin, Total Asset Return Growth Rate Ratio,0.026463425011538092
 Borrowing dependency, Cash Flow to Total Assets,-0.026453095576034927
 Total Asset Return Growth Rate Ratio, Working Capital to Total Assets,0.026426894307664903
 Cash/Total Assets, No-credit Interval,0.026421009009705974
 Inventory Turnover Rate (times), Fixed Assets Turnover Frequency,0.02638805470854379
 Revenue Per Share (Yuan ¥), Current Liability to Assets,-0.02636147324539847
 ROA(C) before interest and depreciation before interest, Quick Ratio,-0.02633587395232178
 Pre-tax net Interest Rate, Operating Profit Per Share (Yuan ¥),0.026314302546389418
 Inventory Turnover Rate (times), Net Income to Stockholder's Equity,-0.026296142731264807
 Pre-tax net Interest Rate, Cash Flow to Equity,0.026244852486525142
 Fixed Assets Turnover Frequency, Long-term Liability to Current Assets,-0.02620859750810835
 Cash flow rate, Total income/Total expense,0.026203944819451992
 ROA(B) before interest and depreciation after tax, Net Value Growth Rate,-0.026126724406325633
 Long-term fund suitability ratio (A), Operating Funds to Liability,0.026116911164572605
 Inventory/Current Liability, CFO to Assets,0.02610787422162305
 Operating Profit Rate, Quick Assets/Total Assets,0.02610044697404457
 Pre-tax net Interest Rate, Operating profit/Paid-in capital,0.026090878531717026
 Revenue Per Share (Yuan ¥), Operating profit per person,-0.0259729114017302
 Total debt/Total net worth, Current Liability to Current Assets,-0.025966237085060694
 Interest Expense Ratio, Fixed Assets Turnover Frequency,0.025935760459143063
 Current Assets/Total Assets, Fixed Assets to Assets,0.025904157320446996
 Total Asset Growth Rate, Working Capital to Total Assets,-0.02589440672425791
 Current Asset Turnover Rate, Interest Coverage Ratio (Interest expense to EBIT),0.025885620964272642
 ROA(A) before interest and % after tax, Cash Turnover Rate,-0.02581661599383174
Bankrupt?, Quick Asset Turnover Rate,0.02581356043624226
 Cash/Current Liability, Retained Earnings to Total Assets,-0.025724016286924056
 Operating Expense Rate, Current Assets/Total Assets,0.025720001996264282
 Research and development expense rate, Quick Ratio,-0.025701956768912907
 Operating Profit Growth Rate, Accounts Receivable Turnover,-0.025684477724507528
 Net Value Growth Rate, Current Assets/Total Assets,-0.02568373794002678
 Allocation rate per person, Current Liability to Assets,0.02564171645578911
 Fixed Assets Turnover Frequency, Cash Flow to Liability,-0.02560524415145137
 Operating Profit Rate, Working Capital to Total Assets,0.02559886427457542
 Operating Expense Rate, Total assets to GNP price,-0.02552420948747395
 Inventory and accounts receivable/Net value, Cash Flow to Total Assets,-0.02545320455125576
 Research and development expense rate, Net Worth Turnover Rate (times),-0.025440400206946132
 Total debt/Total net worth, Operating profit per person,-0.025393303833574247
 Revenue per person, Current Assets/Total Assets,-0.02524756884586159
 Interest-bearing debt interest rate, Quick Assets/Total Assets,0.025246444114254238
 Inventory Turnover Rate (times), Allocation rate per person,-0.025241505821196837
 ROA(C) before interest and depreciation before interest, Continuous Net Profit Growth Rate,0.025233811642544953
 Borrowing dependency, Fixed Assets Turnover Frequency,0.0252323664647966
 Continuous Net Profit Growth Rate, Net worth/Assets,0.025205248889321203
 Continuous Net Profit Growth Rate, Debt ratio %,-0.02520524888932059
 ROA(A) before interest and % after tax, Quick Asset Turnover Rate,-0.025142905530315403
 Cash Flow Per Share, Quick Ratio,-0.0251352781799842
 Continuous Net Profit Growth Rate, Net profit before tax/Paid-in capital,0.02510297983185601
 Persistent EPS in the Last Four Seasons, Operating Profit Growth Rate,0.025087988860128616
 Accounts Receivable Turnover, Net Income to Total Assets,-0.025062416935572943
Bankrupt?, Quick Ratio,0.025058288749528455
 Total Asset Return Growth Rate Ratio, Retained Earnings to Total Assets,0.02505592581798195
 Interest-bearing debt interest rate, Current Liability to Liability,0.025008522913404673
 Interest-bearing debt interest rate, Current Liabilities/Liability,0.025008522913404673
 Realized Sales Gross Margin, Current Ratio,0.024984099113524182
 Pre-tax net Interest Rate, Cash flow rate,0.02494982013286258
 Current Ratio, Gross Profit to Sales,0.024946243884529394
 Operating Gross Margin, Current Ratio,0.02494464055819066
 ROA(A) before interest and % after tax, Continuous Net Profit Growth Rate,0.02488724482426205
 Tax rate (A), Quick Ratio,-0.02487526617904004
 Operating Expense Rate, Equity to Long-term Liability,0.024836546650078
 Long-term Liability to Current Assets, CFO to Assets,0.02481405889185596
 Total Asset Return Growth Rate Ratio, Quick Assets/Total Assets,0.024787337129598394
 Current Liability to Assets, Cash Flow to Sales,-0.024670871495591423
 Quick Assets/Total Assets, Current Liabilities/Equity,0.02462945583652077
 Quick Assets/Total Assets, Current Liability to Equity,0.02462945583652077
 Net Value Growth Rate, Current Liability to Assets,0.02460542093163035
 Cash Flow to Equity, Total assets to GNP price,-0.0245825347503905
 Continuous interest rate (after tax), Operating Funds to Liability,0.024520481133598816
 Continuous interest rate (after tax), Operating Profit Per Share (Yuan ¥),0.02451562719695329
 Cash/Current Liability, Operating Funds to Liability,-0.024504961922540456
 Quick Assets/Total Assets, Liability to Equity,-0.02448638082650969
 Average Collection Days, Current Liability to Liability,0.024453537927916984
 Average Collection Days, Current Liabilities/Liability,0.024453537927916984
 Per Share Net profit before tax (Yuan ¥), Continuous Net Profit Growth Rate,0.02444784662991222
 Cash flow rate, Long-term Liability to Current Assets,0.024446357623590802
 Operating Expense Rate, Interest Expense Ratio,0.024446047403510838
 ROA(B) before interest and depreciation after tax, Total income/Total expense,0.024436076714023758
 ROA(B) before interest and depreciation after tax, Continuous Net Profit Growth Rate,0.024414357157922367
 Non-industry income and expenditure/revenue, Current Liability to Assets,-0.024357036417563892
 Per Share Net profit before tax (Yuan ¥), Quick Asset Turnover Rate,-0.02430980866960856
 Continuous interest rate (after tax), Operating profit/Paid-in capital,0.024295306366769288
 Cash/Total Assets, Degree of Financial Leverage (DFL),-0.024288936952500204
 Operating Expense Rate, Cash/Current Liability,0.024257825255215158
 Continuous Net Profit Growth Rate, Net Income to Total Assets,0.02425656403007817
 Interest-bearing debt interest rate, Allocation rate per person,0.02425351941844146
Bankrupt?, Research and development expense rate,-0.02423196835805957
 ROA(B) before interest and depreciation after tax, Quick Ratio,-0.024231692527401757
 Quick Asset Turnover Rate, No-credit Interval,-0.024169393910249935
 Operating Profit Growth Rate, Working Capital to Total Assets,0.02415023596290078
 After-tax net Interest Rate, Operating Profit Per Share (Yuan ¥),0.02413734653891526
 Contingent liabilities/Net worth, Operating profit per person,-0.024133019486859916
 Fixed Assets Turnover Frequency, Operating Funds to Liability,0.024049256912418524
 Quick Assets/Current Liability, Current Liability to Liability,0.02400115602010491
 Quick Assets/Current Liability, Current Liabilities/Liability,0.02400115602010491
 Current Ratio, Quick Assets/Total Assets,-0.023991600128091893
 Cash Flow Per Share, Fixed Assets to Assets,-0.023986524700711546
 Operating Expense Rate, Borrowing dependency,0.023977296352161847
 Operating Profit Per Share (Yuan ¥), Cash/Current Liability,-0.02396625578087652
 After-tax net Interest Rate, Operating profit/Paid-in capital,0.023941501986101062
 Liability-Assets Flag, No-credit Interval,-0.023926548302521895
 Interest-bearing debt interest rate, Retained Earnings to Total Assets,0.023918900350129058
 Tax rate (A), Cash Flow to Liability,0.02389532068170077
 Inventory and accounts receivable/Net value, Cash Flow to Liability,-0.023877065182094055
 Operating profit/Paid-in capital, Cash/Current Liability,-0.023862227231545206
 Long-term fund suitability ratio (A), Net Worth Turnover Rate (times),0.02383860862025914
 Total Asset Turnover, Revenue per person,-0.02383569786428611
 Quick Asset Turnover Rate, Net Income to Total Assets,-0.023834390720280742
 Long-term fund suitability ratio (A), Average Collection Days,0.02377223630412431
 Net profit before tax/Paid-in capital, Total income/Total expense,0.023754332338949663
 Accounts Receivable Turnover, Liability to Equity,0.02375347897816151
 Persistent EPS in the Last Four Seasons, Continuous Net Profit Growth Rate,0.023706790055680865
 Long-term Liability to Current Assets, Net Income to Total Assets,0.02370162862842386
 Research and development expense rate, Inventory/Current Liability,-0.02369140309519999
 Tax rate (A), Total assets to GNP price,-0.02364294804365954
 Inventory/Working Capital, Interest Coverage Ratio (Interest expense to EBIT),0.023607540316479395
 Cash Flow Per Share, Total assets to GNP price,-0.023591369690912987
 Inventory/Current Liability, Liability-Assets Flag,0.02350677640810179
 ROA(C) before interest and depreciation before interest, Total income/Total expense,0.023450318535438414
 Quick Ratio, CFO to Assets,-0.02344670317701849
 Cash Turnover Rate, No-credit Interval,-0.02344444019940138
 Net worth/Assets, Fixed Assets to Assets,-0.02341788987377038
 Debt ratio %, Fixed Assets to Assets,0.023417889873770036
 Cash flow rate, Cash/Current Liability,-0.023394333693866842
 Realized Sales Gross Profit Growth Rate, Operating Funds to Liability,-0.02334256044065284
 Quick Assets/Total Assets, Total income/Total expense,-0.02330545033309464
 Inventory/Current Liability, Cash Flow to Total Assets,0.023234209824732614
 Net Worth Turnover Rate (times), Allocation rate per person,0.023204766541387672
 Allocation rate per person, Current Liability to Liability,0.02319926700599716
 Allocation rate per person, Current Liabilities/Liability,0.02319926700599716
 Net profit before tax/Paid-in capital, Quick Asset Turnover Rate,-0.02319705952239801
 Interest Expense Ratio, Net worth/Assets,-0.02319589867815337
 Interest Expense Ratio, Debt ratio %,0.02319589867815293
 Research and development expense rate, Total Asset Growth Rate,0.023188652494629
 Operating Profit Rate, Accounts Receivable Turnover,-0.023170708742232402
 Cash Reinvestment %, Long-term Liability to Current Assets,0.023165423723964847
 Net Value Per Share (B), Total income/Total expense,0.02314280557220794
 Net Value Per Share (A), Total income/Total expense,0.02313552076327922
 Total debt/Total net worth, CFO to Assets,0.023123265137755217
 Net Value Per Share (C), Total income/Total expense,0.02311684841322144
 Non-industry income and expenditure/revenue, Inventory/Working Capital,0.02310707552519512
Bankrupt?, Interest-bearing debt interest rate,-0.023062808995369135
 Operating Profit Rate, Cash flow rate,0.02305117352228094
 Inventory Turnover Rate (times), Current Assets/Total Assets,0.023021145535713168
 Persistent EPS in the Last Four Seasons, Total income/Total expense,0.023013058933921013
 Pre-tax net Interest Rate, Tax rate (A),0.023002922846495126
 Total Asset Return Growth Rate Ratio, CFO to Assets,-0.023001499316260148
 Total Asset Return Growth Rate Ratio, Cash Flow to Equity,0.022967111478207645
 Cash Flow to Total Assets, Liability-Assets Flag,-0.022924243468182993
 ROA(C) before interest and depreciation before interest, Net Worth Turnover Rate (times),0.022896457306813115
 Operating Gross Margin, Operating Profit Growth Rate,0.02286690350290224
 Operating Profit Growth Rate, Gross Profit to Sales,0.022865920909455724
 Pre-tax net Interest Rate, Operating Funds to Liability,0.022855036885403936
 Research and development expense rate, Current Assets/Total Assets,-0.022853084587889486
 After-tax net Interest Rate, Cash flow rate,0.022812845917146954
 Operating profit/Paid-in capital, Long-term Liability to Current Assets,0.022794371252108706
 Realized Sales Gross Margin, Operating Profit Growth Rate,0.0227777984127506
 Realized Sales Gross Margin, Total assets to GNP price,0.022750405387493372
 Net Value Growth Rate, Operating profit/Paid-in capital,-0.022704974150447494
 Total assets to GNP price, Gross Profit to Sales,0.022673203658858658
 Operating Gross Margin, Total assets to GNP price,0.02267229427037383
 Accounts Receivable Turnover, Cash Flow to Liability,0.02265065386788922
 Borrowing dependency, Total expense/Assets,0.022641627604420712
 Operating Profit Per Share (Yuan ¥), Net Value Growth Rate,-0.022638979987786276
 Revenue per person, Liability to Equity,0.0226243661138054
 Cash flow rate, Working Capital/Equity,0.022609279403434938
 Cash Flow Per Share, Cash/Current Liability,-0.022607621453564552
 Realized Sales Gross Margin, Average Collection Days,0.022596053128622937
 Long-term Liability to Current Assets, Equity to Long-term Liability,-0.02257517612080977
 Operating Funds to Liability, Current Asset Turnover Rate,-0.02253154751237384
 Operating Gross Margin, Average Collection Days,0.022530340180230736
 Average Collection Days, Gross Profit to Sales,0.022528903448611422
 Accounts Receivable Turnover, Cash Turnover Rate,-0.02250836273729258
 Cash Flow to Sales, Equity to Liability,0.022476446081180785
 Total Asset Return Growth Rate Ratio, Operating profit per person,0.02243711502776367
 Operating Profit Rate, Operating Profit Per Share (Yuan ¥),0.02239708484619168
 ROA(B) before interest and depreciation after tax, Non-industry income and expenditure/revenue,0.022366188478093567
 Total debt/Total net worth, Gross Profit to Sales,-0.022362880732073914
 Cash Reinvestment %, Quick Ratio,-0.022360411813011703
 Operating Gross Margin, Total debt/Total net worth,-0.022359664705216976
 Realized Sales Gross Margin, Total debt/Total net worth,-0.02235432555032231
 Operating Profit Per Share (Yuan ¥), Long-term Liability to Current Assets,0.022299315950800976
 Cash Reinvestment %, Quick Asset Turnover Rate,-0.022286446170970236
 Total debt/Total net worth, Cash Flow to Total Assets,0.022285197677383035
 Non-industry income and expenditure/revenue, Total expense/Assets,-0.022280614891799045
 Contingent liabilities/Net worth, Gross Profit to Sales,-0.022258259552090053
 Operating Gross Margin, Contingent liabilities/Net worth,-0.02225787818760619
 Per Share Net profit before tax (Yuan ¥), Total income/Total expense,0.022244293693701095
 ROA(A) before interest and % after tax, Long-term Liability to Current Assets,0.02224086546552386
 Realized Sales Gross Margin, Contingent liabilities/Net worth,-0.022238678816214243
 Total income/Total expense, Total expense/Assets,-0.022218919631146715
 ROA(C) before interest and depreciation before interest, Total debt/Total net worth,-0.022207728099146423
 Net profit before tax/Paid-in capital, Long-term Liability to Current Assets,0.022192820674975917
 Current Liabilities/Liability, Cash Flow to Sales,-0.022191066212540772
 Cash Flow to Sales, Current Liability to Liability,-0.022191066212540748
 Borrowing dependency, Cash Flow to Liability,-0.022184783743040518
 Operating Profit Rate, Operating profit/Paid-in capital,0.02215996381543463
 Quick Ratio, Cash Turnover Rate,-0.022125942019729936
 ROA(B) before interest and depreciation after tax, Total Asset Growth Rate,0.02210409306497303
 Persistent EPS in the Last Four Seasons, Net Value Growth Rate,-0.022101338685766678
 Regular Net Profit Growth Rate, Current Liability to Assets,-0.022079901508593416
 Current Liability to Current Assets, Degree of Financial Leverage (DFL),0.022032839598084532
 Interest Expense Ratio, Current Liabilities/Liability,-0.022007611068388756
 Interest Expense Ratio, Current Liability to Liability,-0.022007611068388756
 Fixed Assets to Assets, CFO to Assets,-0.021983078411472335
 Total assets to GNP price, Liability to Equity,0.021982331285097106
 After-tax Net Profit Growth Rate, Current Liability to Assets,-0.021936326518056118
 ROA(C) before interest and depreciation before interest, Net Value Growth Rate,-0.02193022383360519
 Current Liability to Assets, Inventory/Current Liability,0.02187471437969654
 Net Value Per Share (B), Degree of Financial Leverage (DFL),-0.02186047520906754
 Net Value Per Share (A), Degree of Financial Leverage (DFL),-0.02178063824533642
 Quick Assets/Total Assets, Fixed Assets to Assets,-0.02173140696600693
 Contingent liabilities/Net worth, Retained Earnings to Total Assets,-0.021729293661091085
 Long-term fund suitability ratio (A), Equity to Long-term Liability,-0.021715880696382587
 Current Liability to Assets, Total income/Total expense,-0.021715852546116608
 Inventory and accounts receivable/Net value, No-credit Interval,-0.02170856604472197
 Net Value Per Share (C), Degree of Financial Leverage (DFL),-0.021673952985990445
 Revenue Per Share (Yuan ¥), Cash Turnover Rate,-0.021618303917769487
 Long-term fund suitability ratio (A), Current Liability to Current Assets,-0.021607779307779386
 Tax rate (A), Cash Flow to Equity,0.02156278727893924
 Realized Sales Gross Profit Growth Rate, Current Liability to Assets,0.021558874205563357
 Cash Reinvestment %, Inventory Turnover Rate (times),-0.021508312292051412
 ROA(C) before interest and depreciation before interest, Long-term Liability to Current Assets,0.021508122788358737
 Research and development expense rate, Net Income to Stockholder's Equity,0.021490319621396803
 Operating Profit Growth Rate, Retained Earnings to Total Assets,0.02145029596281007
 Total Asset Turnover, Inventory/Working Capital,-0.021439463940213833
 Current Liability to Assets, Interest Coverage Ratio (Interest expense to EBIT),0.021427699437660937
 Quick Assets/Current Liability, Net Income to Stockholder's Equity,0.021418722082376107
 Average Collection Days, Current Asset Turnover Rate,0.021399529284212793
 Inventory Turnover Rate (times), Cash/Current Liability,-0.02133522337463356
 Tax rate (A), Revenue Per Share (Yuan ¥),-0.021313123026562828
 Operating Profit Rate, Retained Earnings to Total Assets,0.021279879302410914
 Accounts Receivable Turnover, Current Liability to Current Assets,0.0212185032623634
 After-tax net Interest Rate, Tax rate (A),0.02116433467283846
 ROA(B) before interest and depreciation after tax, Total debt/Total net worth,-0.02116076187552937
 Non-industry income and expenditure/revenue, Retained Earnings to Total Assets,0.021105246724346497
Bankrupt?, Net Worth Turnover Rate (times),0.02108918827486221
 Operating Profit Growth Rate, Current Liability to Current Assets,-0.021073135661791014
 Operating Profit Rate, Cash Flow to Total Assets,0.020917858391863296
 Inventory/Current Liability, Cash Flow to Liability,0.020917427207744692
 After-tax net Interest Rate, Operating Funds to Liability,0.02087674712305431
 Average Collection Days, Current Liability to Assets,0.020864550102836166
 Revenue Per Share (Yuan ¥), Net Worth Turnover Rate (times),-0.02082553746133901
 After-tax Net Profit Growth Rate, Cash/Total Assets,0.0208187928339646
Bankrupt?, Current Liability to Liability,-0.02080932682043791
Bankrupt?, Current Liabilities/Liability,-0.02080932682043791
 Total Asset Turnover, Degree of Financial Leverage (DFL),-0.020768906236497804
 Cash Reinvestment %, Inventory/Current Liability,0.020751367195136528
 ROA(A) before interest and % after tax, Long-term fund suitability ratio (A),0.020707080894729384
 Research and development expense rate, Regular Net Profit Growth Rate,0.0207026990217406
 Contingent liabilities/Net worth, Total Asset Turnover,0.02065891229216878
 Total Asset Turnover, Equity to Long-term Liability,-0.02065492055238366
 Fixed Assets Turnover Frequency, CFO to Assets,0.020639235899853538
 After-tax Net Profit Growth Rate, Cash Reinvestment %,0.020630170461858083
 Cash Flow Per Share, Accounts Receivable Turnover,-0.020617569032555245
 Realized Sales Gross Margin, Working capitcal Turnover Rate,0.020535606964686166
 Operating Profit Rate, Current Liability to Liability,0.020520296120564024
 Operating Profit Rate, Current Liabilities/Liability,0.020520296120564024
 Retained Earnings to Total Assets, Total income/Total expense,0.020516800575086702
 ROA(C) before interest and depreciation before interest, Non-industry income and expenditure/revenue,0.02050061119559329
 Accounts Receivable Turnover, Operating profit per person,-0.020482733187108006
 Operating Gross Margin, Working capitcal Turnover Rate,0.020450544531944993
 Working capitcal Turnover Rate, Gross Profit to Sales,0.020449660593595365
 Operating profit/Paid-in capital, Inventory and accounts receivable/Net value,0.02042069204518444
 Operating Profit Rate, Persistent EPS in the Last Four Seasons,0.02041961938040929
 Continuous interest rate (after tax), Tax rate (A),0.02040669268080336
 Operating Profit Rate, Operating Funds to Liability,0.02030827853949552
 Operating Profit Growth Rate, Cash Flow to Equity,-0.02030668756165851
 Revenue Per Share (Yuan ¥), Working Capital to Total Assets,0.020298161549319904
 Regular Net Profit Growth Rate, Net Income to Stockholder's Equity,0.020272577500043736
 Pre-tax net Interest Rate, Operating profit per person,0.020271340298580534
 Working Capital/Equity, Cash Turnover Rate,-0.020252294452794067
 Total Asset Growth Rate, Total income/Total expense,-0.020221291820382563
 Cash/Current Liability, Cash Flow to Total Assets,-0.020220359365751592
 Operating Profit Rate, Per Share Net profit before tax (Yuan ¥),0.020219389388096726
 After-tax Net Profit Growth Rate, Net Income to Stockholder's Equity,0.020202614644105183
 Research and development expense rate, Total assets to GNP price,-0.020165707717889753
 Operating Expense Rate, Cash flow rate,-0.020147237245890334
 Cash flow rate, Inventory Turnover Rate (times),-0.020141098748180566
 Current Ratio, Working Capital to Total Assets,-0.020115634211463354
 Operating Profit Per Share (Yuan ¥), Inventory and accounts receivable/Net value,0.02006440134631748
 Per Share Net profit before tax (Yuan ¥), Accounts Receivable Turnover,-0.020045481186333345
 Regular Net Profit Growth Rate, Cash/Total Assets,0.020039459584984813
 Quick Ratio, Net Worth Turnover Rate (times),-0.02001811535723684
 Operating Profit Rate, Net profit before tax/Paid-in capital,0.02001497059961574
 Persistent EPS in the Last Four Seasons, Accounts Receivable Turnover,-0.019997489819607164
 Tax rate (A), Accounts Receivable Turnover,-0.01996839529418363
 Research and development expense rate, After-tax Net Profit Growth Rate,0.01995802739085375
 Operating Profit Rate, Tax rate (A),0.019935808174713916
 Cash flow rate, Inventory/Current Liability,0.01986177730008071
 Revenue per person, Cash Flow to Sales,-0.019828700887423976
 Cash/Total Assets, Total assets to GNP price,0.01972739497805791
 Net Value Per Share (C), Accounts Receivable Turnover,-0.01972446163241098
 Total debt/Total net worth, Cash/Total Assets,0.01968289906759424
 Revenue Per Share (Yuan ¥), Debt ratio %,-0.019679131634361288
 Revenue Per Share (Yuan ¥), Net worth/Assets,0.019679131634360462
 Net Value Per Share (A), Accounts Receivable Turnover,-0.01967454231032771
 Non-industry income and expenditure/revenue, Net Value Per Share (A),0.019644194785401317
 ROA(C) before interest and depreciation before interest, Total Asset Growth Rate,0.019635082385452765
 Non-industry income and expenditure/revenue, Net Value Per Share (C),0.019631690150416947
 Revenue per person, Working Capital/Equity,-0.01961952113381889
 Non-industry income and expenditure/revenue, Net Value Per Share (B),0.01958771884394288
 Total Asset Return Growth Rate Ratio, Cash Flow to Liability,0.019516099429250963
 Operating Profit Per Share (Yuan ¥), Accounts Receivable Turnover,-0.019499760123281234
 Persistent EPS in the Last Four Seasons, Long-term Liability to Current Assets,0.01949576191073308
 Accounts Receivable Turnover, Current Asset Turnover Rate,-0.0194860851191271
 Non-industry income and expenditure/revenue, Net profit before tax/Paid-in capital,0.019483442760729122
 Regular Net Profit Growth Rate, Cash Reinvestment %,0.01947272048218917
 Total Asset Return Growth Rate Ratio, Net Income to Stockholder's Equity,0.019466640832343514
 Realized Sales Gross Profit Growth Rate, Current Asset Turnover Rate,0.019388225875043155
 Total Asset Turnover, Interest Coverage Ratio (Interest expense to EBIT),0.01935780580507632
 Total Asset Growth Rate, Borrowing dependency,-0.01935437725447154
 Operating profit/Paid-in capital, Accounts Receivable Turnover,-0.01935272105035939
 After-tax Net Profit Growth Rate, Inventory/Current Liability,-0.019321115581921417
 Research and development expense rate, Total debt/Total net worth,-0.019291797212840512
 Research and development expense rate, Revenue Per Share (Yuan ¥),-0.019291366530357675
 Non-industry income and expenditure/revenue, Per Share Net profit before tax (Yuan ¥),0.019279393933568176
 Regular Net Profit Growth Rate, Inventory/Current Liability,-0.019272279142282654
 Operating Profit Rate, Net Value Per Share (B),0.01925696630080166
 Contingent liabilities/Net worth, Cash/Total Assets,-0.019245042404071336
 Interest-bearing debt interest rate, Cash Turnover Rate,-0.01924277341477101
 Operating Profit Rate, Net Value Per Share (C),0.019239965266903657
 Operating Profit Rate, Net Value Per Share (A),0.019218117283019455
 Cash Flow to Liability, Liability to Equity,-0.019213050850087555
 Research and development expense rate, Tax rate (A),-0.0192009132874635
 After-tax Net Profit Growth Rate, Accounts Receivable Turnover,-0.019194513846110962
 Net Value Growth Rate, Quick Assets/Total Assets,-0.019193174132393694
 Net Worth Turnover Rate (times), No-credit Interval,-0.01916892756740728
 Regular Net Profit Growth Rate, Accounts Receivable Turnover,-0.0191033958456218
 Cash/Total Assets, Inventory/Working Capital,-0.01909070394037586
 Cash flow rate, After-tax Net Profit Growth Rate,0.019070732453364995
 Realized Sales Gross Margin, Revenue per person,0.019060265386470477
 Quick Ratio, Inventory Turnover Rate (times),-0.019058287541925827
 Operating Gross Margin, Revenue per person,0.019021625508288693
 Revenue per person, Gross Profit to Sales,0.01902121745650918
 Pre-tax net Interest Rate, Current Liabilities/Liability,0.019008792000963178
 Pre-tax net Interest Rate, Current Liability to Liability,0.019008792000963178
 Total Asset Turnover, Long-term Liability to Current Assets,0.018985276963548847
 Cash Reinvestment %, Equity to Long-term Liability,-0.018924034906529528
 Interest-bearing debt interest rate, Current Liabilities/Equity,-0.018880266653909322
 Interest-bearing debt interest rate, Current Liability to Equity,-0.018880266653909322
 Net Value Per Share (B), Total Asset Growth Rate,-0.01887054412579966
 Persistent EPS in the Last Four Seasons, Degree of Financial Leverage (DFL),-0.018829085403688838
 Operating Profit Growth Rate, Current Assets/Total Assets,0.018826493736374038
 Tax rate (A), Operating Profit Growth Rate,0.018783586005983295
 Total Asset Turnover, CFO to Assets,0.018741063682400916
 Interest-bearing debt interest rate, Total Asset Growth Rate,-0.01870045366010344
 Net Value Per Share (A), Total Asset Growth Rate,-0.018649659446198587
 Net Value Per Share (B), Accounts Receivable Turnover,-0.01864730451974871
 Cash Reinvestment %, Accounts Receivable Turnover,-0.01859841796431398
 Continuous interest rate (after tax), Operating profit per person,0.018579970147422593
 Fixed Assets Turnover Frequency, Degree of Financial Leverage (DFL),0.018564600741676675
 Operating profit per person, Cash Flow to Equity,0.018551957084101598
 Quick Assets/Current Liability, CFO to Assets,-0.018524322687955605
 Non-industry income and expenditure/revenue, Cash Flow to Equity,0.01851526729570385
 Regular Net Profit Growth Rate, Equity to Long-term Liability,-0.01851448420777666
 After-tax Net Profit Growth Rate, Equity to Long-term Liability,-0.01849430052558066
 Inventory Turnover Rate (times), Current Liabilities/Equity,-0.018456442582294365
 Inventory Turnover Rate (times), Current Liability to Equity,-0.018456442582294365
 Long-term fund suitability ratio (A), Total expense/Assets,-0.018442889505069057
 Total Asset Return Growth Rate Ratio, Cash Turnover Rate,0.01843810199170895
 Net Value Growth Rate, CFO to Assets,-0.018420844802135378
 ROA(A) before interest and % after tax, Quick Ratio,-0.01841178815478283
 Average Collection Days, Cash/Current Liability,0.01840904520949571
 Total debt/Total net worth, Net Worth Turnover Rate (times),-0.01840688597415855
 Total Asset Turnover, Quick Assets/Current Liability,-0.01838950522974326
 Net Value Per Share (C), Total Asset Growth Rate,-0.018388919402770453
 Interest-bearing debt interest rate, Operating Profit Per Share (Yuan ¥),0.01836289519077152
 Net profit before tax/Paid-in capital, Degree of Financial Leverage (DFL),-0.01835795635485198
 After-tax net Interest Rate, Operating profit per person,0.018334072380295684
 Accounts Receivable Turnover, Total expense/Assets,-0.0183032977248621
 ROA(B) before interest and depreciation after tax, Long-term Liability to Current Assets,0.018300352714125404
 Cash flow rate, Regular Net Profit Growth Rate,0.018299799196728216
 Quick Ratio, Total expense/Assets,-0.01829627615145609
 Contingent liabilities/Net worth, Equity to Liability,-0.018260147729724025
 Operating Profit Rate, Operating profit per person,0.018248419629282024
 Inventory/Working Capital, Total expense/Assets,-0.018227426536643235
 Net worth/Assets, Cash Flow to Sales,0.018201161998926022
 Debt ratio %, Cash Flow to Sales,-0.01820116199892585
 Non-industry income and expenditure/revenue, Persistent EPS in the Last Four Seasons,0.018147763882439154
 Realized Sales Gross Profit Growth Rate, Inventory and accounts receivable/Net value,0.01813274597623381
 Revenue Per Share (Yuan ¥), Cash/Total Assets,0.018125059496626433
 Total income/Total expense, CFO to Assets,0.01812433609914181
 Operating Profit Growth Rate, Debt ratio %,-0.018100391513524286
 Operating Profit Growth Rate, Net worth/Assets,0.018100391513523904
Bankrupt?, Cash Turnover Rate,-0.01803531890901669
 Net profit before tax/Paid-in capital, Accounts Receivable Turnover,-0.017992684113593227
 Net worth/Assets, Degree of Financial Leverage (DFL),-0.017981627947892313
 Debt ratio %, Degree of Financial Leverage (DFL),0.017981627947891425
 Fixed Assets Turnover Frequency, Cash/Current Liability,0.017975912109080852
 Current Liability to Liability, Liability to Equity,-0.017927332966400394
 Current Liabilities/Liability, Liability to Equity,-0.017927332966400394
 Current Liabilities/Liability, Degree of Financial Leverage (DFL),-0.017910730724930556
 Current Liability to Liability, Degree of Financial Leverage (DFL),-0.017910730724930556
 Revenue Per Share (Yuan ¥), Total expense/Assets,-0.01788543441524177
 Per Share Net profit before tax (Yuan ¥), Degree of Financial Leverage (DFL),-0.01788493783957403
 Inventory and accounts receivable/Net value, Long-term Liability to Current Assets,0.017873203298980365
 Inventory Turnover Rate (times), Cash Turnover Rate,0.017861873753957785
 Total income/Total expense, No-credit Interval,0.017817545633808107
 Operating profit per person, Total assets to GNP price,-0.017803539993539612
 Pre-tax net Interest Rate, Cash Reinvestment %,0.017801060000959424
 Net Value Per Share (B), Revenue per person,-0.01779882312552581
 Quick Ratio, Net Income to Total Assets,-0.01777924479483288
 Borrowing dependency, Current Assets/Total Assets,-0.017770133529110034
 Net Value Per Share (C), Revenue per person,-0.017756776470135627
 Net Value Per Share (A), Revenue per person,-0.0177403567221884
 Net Worth Turnover Rate (times), Inventory/Working Capital,-0.017728019005557868
 Operating Expense Rate, Quick Ratio,0.01768710352980946
 Tax rate (A), Inventory/Current Liability,0.01766206198566045
 Pre-tax net Interest Rate, Cash Flow Per Share,0.01761749900095426
 Total expense/Assets, Degree of Financial Leverage (DFL),-0.017606931337506043
 Current Assets/Total Assets, Working capitcal Turnover Rate,0.01757230969826188
 Inventory/Current Liability, Cash Turnover Rate,-0.017556251155862953
 Quick Asset Turnover Rate, Net Income to Stockholder's Equity,-0.01751060459860242
 Pre-tax net Interest Rate, Inventory/Current Liability,-0.017489436187070172
 Realized Sales Gross Margin, Net Value Growth Rate,-0.017451245855854853
 Net Value Growth Rate, Gross Profit to Sales,-0.01744971751138955
 Operating Gross Margin, Net Value Growth Rate,-0.0174480079075911
 Net Worth Turnover Rate (times), Interest Coverage Ratio (Interest expense to EBIT),0.017436616332806753
 Interest Expense Ratio, Cash/Total Assets,-0.017431123940869698
 Total Asset Growth Rate, Revenue per person,-0.01742326993102845
 Continuous interest rate (after tax), Cash Reinvestment %,0.017399561676007442
 Realized Sales Gross Margin, Research and development expense rate,-0.017391218242697695
 Pre-tax net Interest Rate, Quick Ratio,-0.017376388145281727
 Current Assets/Total Assets, Cash Flow to Sales,0.017334321565583732
 Net Worth Turnover Rate (times), Cash/Current Liability,-0.01729331199895709
 Operating Gross Margin, Interest-bearing debt interest rate,0.017198269577898585
 Interest-bearing debt interest rate, Gross Profit to Sales,0.017197579770695238
 Current Liability to Liability, Net Income to Stockholder's Equity,0.01717149542437812
 Current Liabilities/Liability, Net Income to Stockholder's Equity,0.01717149542437812
 Pre-tax net Interest Rate, Cash/Total Assets,0.017136267322455778
 Net Value Per Share (B), Current Asset Turnover Rate,-0.01712261409119565
 Realized Sales Gross Margin, Interest-bearing debt interest rate,0.017121230412900357
 After-tax net Interest Rate, Cash/Total Assets,0.017117861778996248
 Average Collection Days, Cash/Total Assets,-0.017104893520157906
 Quick Ratio, Equity to Liability,-0.017084210224233506
 Operating Profit Rate, Equity to Liability,-0.017071200169218207
 Cash flow rate, Realized Sales Gross Profit Growth Rate,-0.017070471045597047
 Operating profit per person, Long-term Liability to Current Assets,0.0170672008870985
 Accounts Receivable Turnover, Cash/Total Assets,-0.017054046006669595
 Total Asset Return Growth Rate Ratio, Current Liability to Assets,0.016976688581361688
 Operating Gross Margin, Research and development expense rate,-0.016976425983988346
 Research and development expense rate, Gross Profit to Sales,-0.01697495423154753
 Inventory Turnover Rate (times), Working Capital/Equity,0.016940388281171826
 Equity to Long-term Liability, Cash Flow to Liability,-0.01693939188600717
 Cash Reinvestment %, Cash/Current Liability,-0.016929231517848274
Bankrupt?, Long-term fund suitability ratio (A),0.016919904808554792
 Total Asset Growth Rate, Long-term Liability to Current Assets,0.016918236706812653
 Total debt/Total net worth, Current Assets/Total Assets,0.016897790679190266
 Continuous Net Profit Growth Rate, Current Liability to Assets,-0.016882556252583794
 Research and development expense rate, Fixed Assets Turnover Frequency,0.016872344151809188
Bankrupt?, Total Asset Return Growth Rate Ratio,-0.016857679442802965
 Continuous interest rate (after tax), Quick Ratio,-0.01685701680045087
 Tax rate (A), Continuous Net Profit Growth Rate,0.016856547864831362
 Inventory Turnover Rate (times), Cash Flow to Equity,-0.016848292156715818
 Pre-tax net Interest Rate, Research and development expense rate,0.016835566061957394
 Interest Expense Ratio, Degree of Financial Leverage (DFL),0.016828998468879357
 Total debt/Total net worth, Quick Asset Turnover Rate,-0.016815255756745005
 Current Liability to Equity, Cash Flow to Liability,-0.01680519547760708
 Current Liabilities/Equity, Cash Flow to Liability,-0.01680519547760708
 After-tax net Interest Rate, Working Capital/Equity,0.01678763537139878
 Cash Flow to Total Assets, Total assets to GNP price,-0.016781925661366853
 Quick Ratio, Borrowing dependency,0.016767161631126782
 Inventory/Current Liability, Cash Flow to Equity,0.016766215124578692
 Degree of Financial Leverage (DFL), Equity to Liability,-0.016738614451487922
 Operating Funds to Liability, Liability-Assets Flag,-0.01671606019563428
 Cash Turnover Rate, Current Liability to Equity,0.01669896969363103
 Current Liabilities/Equity, Cash Turnover Rate,0.016698969693631004
 After-tax net Interest Rate, Cash Reinvestment %,0.01669248188727332
 Net Worth Turnover Rate (times), Working Capital to Total Assets,-0.016690546143560865
 Net Value Per Share (C), Current Asset Turnover Rate,-0.01669010726804368
 Accounts Receivable Turnover, Retained Earnings to Total Assets,-0.016677522171505015
 Interest Expense Ratio, Quick Assets/Total Assets,-0.01661890028348044
 Net Value Per Share (A), Current Asset Turnover Rate,-0.016615701936755434
Bankrupt?, Non-industry income and expenditure/revenue,-0.016592637591179696
 Working Capital/Equity, Working capitcal Turnover Rate,0.01658896012431075
 Continuous interest rate (after tax), After-tax Net Profit Growth Rate,0.016584390386112778
 Realized Sales Gross Margin, Total Asset Growth Rate,0.016583407189211977
 ROA(C) before interest and depreciation before interest, Degree of Financial Leverage (DFL),-0.01657456904677625
 Long-term fund suitability ratio (A), Net Income to Total Assets,0.016565639084824658
 Total debt/Total net worth, Cash Turnover Rate,-0.01656127553428675
 Inventory/Current Liability, Retained Earnings to Total Assets,-0.016547627356521457
 After-tax net Interest Rate, Research and development expense rate,0.01652086320185561
 Realized Sales Gross Profit Growth Rate, Current Liabilities/Liability,0.016519488486253477
 Realized Sales Gross Profit Growth Rate, Current Liability to Liability,0.016519488486253477
 Degree of Financial Leverage (DFL), Interest Coverage Ratio (Interest expense to EBIT),0.016513423874114974
 Interest-bearing debt interest rate, Average Collection Days,0.016496256328789826
 Operating Profit Rate, Cash Turnover Rate,0.01648502629669442
 Revenue Per Share (Yuan ¥), Quick Asset Turnover Rate,-0.01647625872202873
 Continuous interest rate (after tax), Cash/Total Assets,0.016444608879337675
 Inventory Turnover Rate (times), Equity to Long-term Liability,0.016432405507748816
 Continuous interest rate (after tax), Regular Net Profit Growth Rate,0.01641486494815118
 Operating Profit Rate, Research and development expense rate,0.01638742833634516
 Continuous interest rate (after tax), Cash Flow Per Share,0.016342636992021237
 Current Liability to Liability, No-credit Interval,-0.016296373906216896
 Current Liabilities/Liability, No-credit Interval,-0.016296373906216896
 Cash Turnover Rate, Net Income to Total Assets,-0.01625514796209772
 Interest-bearing debt interest rate, Operating profit/Paid-in capital,0.016197508470873652
 Working Capital/Equity, CFO to Assets,0.016175311532131604
 Operating Expense Rate, Total debt/Total net worth,-0.016164044277745572
 After-tax net Interest Rate, Cash Flow Per Share,0.016140381784327282
 Net Value Growth Rate, Current Liability to Liability,-0.01612883631070038
 Net Value Growth Rate, Current Liabilities/Liability,-0.01612883631070038
 Cash flow rate, Cash Flow to Sales,0.016085561343275392
 Cash/Total Assets, Quick Assets/Current Liability,-0.01607202208859488
 Operating Profit Rate, Net Worth Turnover Rate (times),0.016064161110012902
 Total debt/Total net worth, Fixed Assets Turnover Frequency,0.016062114639678358
 Total Asset Turnover, Fixed Assets to Assets,-0.016058988448264786
 Operating profit/Paid-in capital, Degree of Financial Leverage (DFL),-0.01605157752243737
 Net Value Per Share (B), Operating Profit Growth Rate,0.01604937624706681
 Revenue per person, Retained Earnings to Total Assets,-0.01604743803550875
 Quick Ratio, Average Collection Days,0.016026073819287508
 Net Value Per Share (C), Operating Profit Growth Rate,0.016022283950203595
 Total Asset Growth Rate, Gross Profit to Sales,0.016014462155497313
 Net Value Per Share (A), Operating Profit Growth Rate,0.016013990213488365
 Operating Gross Margin, Total Asset Growth Rate,0.01601278989622314
 Tax rate (A), Long-term Liability to Current Assets,0.016004447347884632
 Tax rate (A), Current Liabilities/Equity,-0.01597001958974415
 Tax rate (A), Current Liability to Equity,-0.01597001958974415
 Total Asset Growth Rate, Equity to Liability,-0.015962297334972106
 Operating Profit Per Share (Yuan ¥), Degree of Financial Leverage (DFL),-0.01593615706929114
 ROA(C) before interest and depreciation before interest, Revenue Per Share (Yuan ¥),-0.01593244868552322
 After-tax Net Profit Growth Rate, Operating Funds to Liability,0.015926613090238885
 Allocation rate per person, Quick Asset Turnover Rate,0.015920685396725913
 Cash Flow to Total Assets, Liability to Equity,-0.015892986166336397
 Current Ratio, Debt ratio %,-0.015860454640592585
 Current Ratio, Net worth/Assets,0.015860454640592245
 Operating Expense Rate, Revenue Per Share (Yuan ¥),-0.015838175724108897
 Contingent liabilities/Net worth, Quick Assets/Total Assets,-0.015814019394571756
 Revenue Per Share (Yuan ¥), Cash Flow to Total Assets,0.01579903413944079
 After-tax net Interest Rate, Cash Turnover Rate,0.01579182147289879
 After-tax net Interest Rate, Inventory/Current Liability,-0.01576637733616332
 Realized Sales Gross Profit Growth Rate, Quick Assets/Total Assets,0.01575635958308125
 Regular Net Profit Growth Rate, Cash Flow to Liability,0.015740623912294294
 After-tax net Interest Rate, Net Worth Turnover Rate (times),0.015735766609509393
 After-tax Net Profit Growth Rate, Cash Flow to Liability,0.015735579662410692
 Continuous interest rate (after tax), Research and development expense rate,0.015727573842490274
 Interest-bearing debt interest rate, Operating Funds to Liability,0.015720047256485615
 Research and development expense rate, Quick Assets/Current Liability,-0.015717402591718825
 Total debt/Total net worth, Total expense/Assets,-0.015685882315272112
 Operating Profit Per Share (Yuan ¥), Total income/Total expense,0.015659697859394337
 Operating profit/Paid-in capital, Total income/Total expense,0.01565679443583585
 Net Value Per Share (C), Inventory/Current Liability,-0.01564883485915038
 Borrowing dependency, Fixed Assets to Assets,0.015588433011290231
 Pre-tax net Interest Rate, Cash Turnover Rate,0.015581277211043392
 Long-term fund suitability ratio (A), Current Asset Turnover Rate,0.015571853335933961
 Fixed Assets Turnover Frequency, Allocation rate per person,-0.015561033439494191
 Operating Profit Growth Rate, Total Asset Growth Rate,0.015553436011178897
 Net Value Per Share (B), Inventory/Current Liability,-0.015541611860587326
 Net Value Per Share (A), Inventory/Current Liability,-0.015539657751710498
 Inventory/Current Liability, Working Capital/Equity,-0.015531346035145695
 Research and development expense rate, Inventory/Working Capital,-0.01552230729136219
 Pre-tax net Interest Rate, Net Worth Turnover Rate (times),0.015513478406899688
 Operating Expense Rate, Current Liability to Current Assets,0.015510659725368038
 Current Asset Turnover Rate, Net Income to Stockholder's Equity,-0.015504973527677098
 Operating Profit Growth Rate, Operating profit per person,0.015479580803336581
 Inventory Turnover Rate (times), Cash Flow to Total Assets,-0.015477214913403634
 Current Ratio, Retained Earnings to Total Assets,0.015431784922808094
 Total Asset Return Growth Rate Ratio, Total expense/Assets,-0.015412408099182394
 After-tax net Interest Rate, Quick Ratio,-0.015368921747681053
 Current Ratio, Total Asset Turnover,-0.015340874147556038
 Quick Assets/Current Liability, Retained Earnings to Total Assets,-0.015316192839869925
 Total Asset Return Growth Rate Ratio, Working Capital/Equity,0.015315400213086167
 Current Assets/Total Assets, Equity to Liability,-0.01531091222500528
 Total debt/Total net worth, Working capitcal Turnover Rate,0.0152998841603533
 Interest-bearing debt interest rate, Cash Flow Per Share,0.015297287379948333
 Current Liabilities/Equity, Fixed Assets to Assets,0.015258003654842133
 Fixed Assets to Assets, Current Liability to Equity,0.015258003654842103
 Inventory and accounts receivable/Net value, Quick Assets/Current Liability,0.015248911244233908
 Cash/Current Liability, Working Capital/Equity,-0.015198955519480955
 Regular Net Profit Growth Rate, Operating Funds to Liability,0.015184994127205493
Bankrupt?, Operating Profit Growth Rate,-0.015167946135345086
 Cash Reinvestment %, Fixed Assets Turnover Frequency,0.015145540032471963
 Fixed Assets Turnover Frequency, Liability to Equity,-0.015134421406905385
 After-tax Net Profit Growth Rate, Current Assets/Total Assets,0.015090088235504973
 Cash Flow to Liability, No-credit Interval,0.0150177699072625
 Accounts Receivable Turnover, Working Capital/Equity,-0.01501205192542503
 After-tax Net Profit Growth Rate, CFO to Assets,0.014993170331755127
 Average Collection Days, Cash Turnover Rate,0.014978680311109046
 Tax rate (A), Degree of Financial Leverage (DFL),-0.014962319368445474
 Operating Profit Rate, Cash Reinvestment %,0.014955252035553701
 Current Ratio, Net Income to Total Assets,0.014946005255416011
 Pre-tax net Interest Rate, Working Capital/Equity,0.014933104707698203
 Quick Ratio, No-credit Interval,-0.01492922490665251
 Inventory Turnover Rate (times), Current Liability to Liability,-0.014909726770973903
 Inventory Turnover Rate (times), Current Liabilities/Liability,-0.014909726770973903
 ROA(A) before interest and % after tax, Revenue per person,-0.01488764329767323
 Total assets to GNP price, Equity to Liability,0.014871069955598002
 Contingent liabilities/Net worth, Inventory Turnover Rate (times),-0.014864246965049023
 Long-term Liability to Current Assets, Current Asset Turnover Rate,-0.014843034568734658
 ROA(C) before interest and depreciation before interest, Revenue per person,-0.014834057561017612
 Net Value Per Share (B), Quick Assets/Current Liability,-0.014826923494883546
 Continuous interest rate (after tax), Working Capital/Equity,0.014826285054240251
 Cash Reinvestment %, Operating profit per person,-0.014826243937190696
 Cash/Total Assets, Working capitcal Turnover Rate,0.01482237570270452
 Revenue Per Share (Yuan ¥), Operating Profit Per Share (Yuan ¥),-0.014821558634054313
 Regular Net Profit Growth Rate, Current Assets/Total Assets,0.01482033618762908
 Net Value Per Share (C), Quick Assets/Current Liability,-0.014794276614857367
 Quick Ratio, Current Liability to Equity,0.014776693265300006
 Quick Ratio, Current Liabilities/Equity,0.014776693265300006
 Net Worth Turnover Rate (times), Long-term Liability to Current Assets,0.014773747975825738
 Net Value Per Share (A), Quick Assets/Current Liability,-0.014772689271150179
 Revenue Per Share (Yuan ¥), Operating profit/Paid-in capital,-0.014768104879235341
 Operating Expense Rate, Cash Flow to Equity,0.014721708307678407
 ROA(B) before interest and depreciation after tax, Degree of Financial Leverage (DFL),-0.014662913192390962
 Continuous interest rate (after tax), Current Liability to Liability,0.014602301098527346
 Continuous interest rate (after tax), Current Liabilities/Liability,0.014602301098527346
 Continuous interest rate (after tax), Cash Turnover Rate,0.014595540186982
 Inventory and accounts receivable/Net value, Allocation rate per person,0.014592253465905683
 Inventory Turnover Rate (times), Quick Asset Turnover Rate,-0.014566994258293834
 Pre-tax net Interest Rate, Equity to Liability,-0.014559416444281884
 Continuous interest rate (after tax), Net Worth Turnover Rate (times),0.014559205165634435
 ROA(B) before interest and depreciation after tax, Revenue per person,-0.014545036703510253
 Quick Ratio, Current Asset Turnover Rate,-0.01451360151199317
 Continuous Net Profit Growth Rate, Equity to Liability,0.014498202014452063
 Interest-bearing debt interest rate, Cash/Total Assets,0.014468302109793569
 Long-term Liability to Current Assets, Cash Turnover Rate,-0.01446632790995888
 Interest Expense Ratio, Working Capital to Total Assets,-0.014455426380629433
 Long-term Liability to Current Assets, Equity to Liability,0.014437120638495749
 Net Value Per Share (A), No-credit Interval,0.01442388537435772
 After-tax Net Profit Growth Rate, Quick Asset Turnover Rate,0.01441759998095451
 Non-industry income and expenditure/revenue, Equity to Long-term Liability,-0.014376907454954388
 ROA(B) before interest and depreciation after tax, Revenue Per Share (Yuan ¥),-0.014358550705389557
 Net Value Per Share (C), No-credit Interval,0.014334827322633286
 Revenue per person, Cash Turnover Rate,-0.014321621548019954
 Quick Assets/Total Assets, Cash Flow to Sales,0.014315755470089694
 Revenue per person, Net Income to Total Assets,-0.014309227092614655
 Net Value Per Share (B), No-credit Interval,0.014302967816508088
 Interest Expense Ratio, Current Liability to Current Assets,0.014301573728016081
 Working Capital/Equity, Cash Flow to Sales,0.014278879108944273
 Pre-tax net Interest Rate, Operating Expense Rate,0.014247445717498412
 Operating Profit Rate, Cash Flow Per Share,0.014244398566714226
 Cash/Current Liability, Cash Flow to Equity,-0.014240640545206237
 Inventory Turnover Rate (times), Operating Funds to Liability,-0.014231245013591715
 Realized Sales Gross Margin, Realized Sales Gross Profit Growth Rate,0.01418793480262985
 Realized Sales Gross Profit Growth Rate, Gross Profit to Sales,0.01417235361037683
 Total Asset Turnover, Total income/Total expense,-0.014172086402804377
 Operating Gross Margin, Realized Sales Gross Profit Growth Rate,0.014172026937024419
 Operating Expense Rate, Total Asset Growth Rate,0.014168371305187992
 Revenue per person, Cash/Total Assets,-0.014161786621147223
 Per Share Net profit before tax (Yuan ¥), Revenue per person,-0.014147794232100514
 Regular Net Profit Growth Rate, Quick Asset Turnover Rate,0.014145789856925916
 Revenue Per Share (Yuan ¥), Quick Assets/Total Assets,-0.014144746814997436
 Cash Flow to Liability, Total assets to GNP price,-0.014122740839526277
 Tax rate (A), Revenue per person,-0.014119446401959466
 Cash Reinvestment %, Total debt/Total net worth,0.014102633839026785
 ROA(A) before interest and % after tax, Current Ratio,0.014102372292986986
 After-tax Net Profit Growth Rate, Cash Turnover Rate,0.01409731254774539
 Operating Profit Rate, Cash Flow to Equity,0.014088053831173161
 Continuous interest rate (after tax), Cash Flow to Liability,0.014059032597264475
 Long-term fund suitability ratio (A), Cash Turnover Rate,-0.014006218219004322
 Operating Profit Growth Rate, Cash Turnover Rate,0.014003434390095494
 After-tax net Interest Rate, Operating Expense Rate,0.013981897992476002
 Cash/Total Assets, Cash Flow to Sales,0.013979407415803
 Allocation rate per person, Current Asset Turnover Rate,0.013956957184013474
 Research and development expense rate, Degree of Financial Leverage (DFL),-0.013945313397312213
 Quick Ratio, Operating Funds to Liability,-0.013925731520843355
 Cash Flow Per Share, Total expense/Assets,-0.013919059641698756
 Current Liabilities/Liability, Fixed Assets to Assets,0.013907939186570746
 Fixed Assets to Assets, Current Liability to Liability,0.013907939186570746
 Interest Expense Ratio, Fixed Assets to Assets,-0.0139028306738433
 Total Asset Return Growth Rate Ratio, Cash/Total Assets,0.013890511750347008
 Operating Profit Per Share (Yuan ¥), Total debt/Total net worth,-0.01388012127997208
 Total Asset Growth Rate, Working Capital/Equity,-0.013872922443922462
 Long-term fund suitability ratio (A), Cash/Current Liability,0.013863817965305702
 Total Asset Growth Rate, Equity to Long-term Liability,-0.013854549326834088
 Total debt/Total net worth, Operating profit/Paid-in capital,-0.013835481131000697
 Cash Flow Per Share, Quick Assets/Current Liability,-0.013813777906171462
 Net Worth Turnover Rate (times), Net Income to Total Assets,0.01377559986164185
 Retained Earnings to Total Assets, Degree of Financial Leverage (DFL),-0.013765661154873116
 Net Worth Turnover Rate (times), Revenue per person,-0.013763154947588221
 Average Collection Days, Fixed Assets Turnover Frequency,-0.013745551218326445
 Net Value Per Share (B), Realized Sales Gross Profit Growth Rate,-0.013744019082572067
 After-tax net Interest Rate, Current Liability to Liability,0.013731916452109399
 After-tax net Interest Rate, Current Liabilities/Liability,0.013731916452109399
 Net Value Per Share (C), Realized Sales Gross Profit Growth Rate,-0.01370838387003803
 Net Value Per Share (A), Realized Sales Gross Profit Growth Rate,-0.013689394393041836
 Net Value Growth Rate, Cash Flow to Equity,0.013669010690655396
 Operating Expense Rate, Current Liability to Liability,-0.01365298023944442
 Operating Expense Rate, Current Liabilities/Liability,-0.01365298023944442
 Cash flow rate, No-credit Interval,0.013642267254651907
 Total Asset Turnover, Inventory/Current Liability,-0.013637829288421336
 Interest-bearing debt interest rate, Net Value Growth Rate,0.013614238822330123
 Revenue per person, Current Liability to Equity,0.013609736073718825
 Revenue per person, Current Liabilities/Equity,0.013609736073718825
 Fixed Assets Turnover Frequency, Net Income to Stockholder's Equity,-0.013604250561174338
 Operating Expense Rate, Degree of Financial Leverage (DFL),0.01357677555376075
 Research and development expense rate, Interest Expense Ratio,-0.013571973026848925
 Interest-bearing debt interest rate, Current Assets/Total Assets,0.013543676447673483
 Contingent liabilities/Net worth, Cash Flow to Total Assets,-0.013532755188163699
 Research and development expense rate, Cash/Total Assets,0.013523926474433262
 Cash flow rate, Liability-Assets Flag,-0.013501195142826257
 Research and development expense rate, Total Asset Turnover,0.013497570381370724
 Fixed Assets Turnover Frequency, Total assets to GNP price,-0.013476554386202272
 Interest Expense Ratio, Total expense/Assets,-0.013466360322916452
 Cash Turnover Rate, Liability to Equity,0.013462718656070627
 Regular Net Profit Growth Rate, Cash Turnover Rate,0.01346206994610846
 Retained Earnings to Total Assets, No-credit Interval,0.013460414430117905
 Total Asset Growth Rate, Quick Ratio,-0.013451082120417682
 Operating profit per person, Inventory/Working Capital,-0.013442696793446618
 Total debt/Total net worth, Inventory Turnover Rate (times),-0.013441049582555922
 Net Value Growth Rate, Cash Reinvestment %,-0.013420356264945255
 Regular Net Profit Growth Rate, CFO to Assets,0.013393106370493705
 Operating Expense Rate, Operating Profit Growth Rate,0.013373677312247203
 ROA(A) before interest and % after tax, Interest Coverage Ratio (Interest expense to EBIT),0.013371659710817812
 Regular Net Profit Growth Rate, Inventory Turnover Rate (times),-0.013363144511807055
 ROA(C) before interest and depreciation before interest, Inventory/Current Liability,0.013329741641617952
 Operating Funds to Liability, Cash Flow to Sales,0.013311824856441931
 Total income/Total expense, Current Liability to Liability,0.013302773586972745
 Current Liabilities/Liability, Total income/Total expense,0.013302773586972742
 Working Capital to Total Assets, Total income/Total expense,-0.013296887640368796
 Cash Flow Per Share, Fixed Assets Turnover Frequency,0.013248032087231
 Operating Profit Rate, Operating Expense Rate,0.013246396949847451
 Long-term fund suitability ratio (A), Current Liabilities/Equity,0.013201272836579956
 Long-term fund suitability ratio (A), Current Liability to Equity,0.013201272836579956
 Accounts Receivable Turnover, Inventory Turnover Rate (times),-0.013200579851168473
 ROA(C) before interest and depreciation before interest, Current Ratio,0.013195566855160733
 Net profit before tax/Paid-in capital, Revenue per person,-0.013189249045676362
 Total Asset Growth Rate, No-credit Interval,-0.013173843250082263
 Continuous interest rate (after tax), Operating Expense Rate,0.013167879836052764
 Total Asset Return Growth Rate Ratio, Inventory Turnover Rate (times),0.013148232456932418
 Allocation rate per person, Working Capital to Total Assets,0.013102339266613876
 After-tax Net Profit Growth Rate, Inventory Turnover Rate (times),-0.013039515366165658
 Continuous Net Profit Growth Rate, Total expense/Assets,-0.013008921745986153
 Cash/Current Liability, Equity to Long-term Liability,0.012987549482610716
 ROA(B) before interest and depreciation after tax, Current Ratio,0.01297473072543956
 Continuous Net Profit Growth Rate, Inventory Turnover Rate (times),-0.01295361909826524
 Tax rate (A), Long-term fund suitability ratio (A),-0.012952159703421942
 Operating Expense Rate, Quick Assets/Current Liability,-0.012903958182215899
 Total expense/Assets, Current Liability to Current Assets,-0.012880713429550507
 Current Liability to Current Assets, Total assets to GNP price,0.012852819264349457
 Cash flow rate, Quick Ratio,-0.012833215398620774
 Quick Assets/Current Liability, Total expense/Assets,-0.012821899260502949
 Cash Reinvestment %, Average Collection Days,-0.012798233868355277
 Accounts Receivable Turnover, Current Liabilities/Liability,0.012795381566877857
 Accounts Receivable Turnover, Current Liability to Liability,0.012795381566877857
 Research and development expense rate, Revenue per person,-0.012780079900646396
 ROA(B) before interest and depreciation after tax, Allocation rate per person,-0.01277047023211877
 ROA(B) before interest and depreciation after tax, Net Worth Turnover Rate (times),0.01276256003407274
 Net Income to Total Assets, Interest Coverage Ratio (Interest expense to EBIT),0.012746126768264417
 Operating Profit Rate, Quick Asset Turnover Rate,0.01269561626223827
 Interest Expense Ratio, Equity to Liability,-0.012626113465408192
 Inventory Turnover Rate (times), Cash/Total Assets,-0.012602967493432237
 Interest-bearing debt interest rate, Cash Flow to Total Assets,-0.012599464132474057
 Total Asset Turnover, Liability-Assets Flag,0.012599009373147983
 Allocation rate per person, Cash Turnover Rate,0.012578879329138122
 Debt ratio %, Interest Coverage Ratio (Interest expense to EBIT),0.012571318357871513
 Net worth/Assets, Interest Coverage Ratio (Interest expense to EBIT),-0.012571318357871413
 Operating Profit Growth Rate, Equity to Long-term Liability,-0.012553736106933009
 Current Asset Turnover Rate, No-credit Interval,0.012551441766258607
 ROA(C) before interest and depreciation before interest, Allocation rate per person,-0.012542715071475074
 Research and development expense rate, Equity to Long-term Liability,-0.012523772226947456
 Operating Profit Per Share (Yuan ¥), Cash Turnover Rate,-0.012514187349033135
 Tax rate (A), Contingent liabilities/Net worth,-0.012504246174467304
 Net Value Growth Rate, Operating profit per person,-0.012497332009072696
 Accounts Receivable Turnover, Cash Flow to Total Assets,0.0124855808112611
 Total Asset Growth Rate, Total debt/Total net worth,-0.012469354283721756
 Operating profit/Paid-in capital, Cash Turnover Rate,-0.01246442845073393
 Operating Profit Growth Rate, Quick Assets/Total Assets,0.012453535197560426
 Quick Assets/Current Liability, Equity to Liability,-0.01244949435012262
 Research and development expense rate, Contingent liabilities/Net worth,-0.01244902543620364
 Inventory and accounts receivable/Net value, Inventory/Current Liability,-0.012448836481213045
 Working Capital to Total Assets, Inventory/Working Capital,-0.012443046838327
 Operating Profit Growth Rate, Quick Asset Turnover Rate,0.012410639957465776
 After-tax net Interest Rate, Quick Asset Turnover Rate,0.012368101202783189
Bankrupt?, Total debt/Total net worth,0.012313586033482623
 Non-industry income and expenditure/revenue, Equity to Liability,0.012292545789656863
 After-tax net Interest Rate, Cash Flow to Liability,0.012243294427906434
 Cash/Total Assets, Liability-Assets Flag,-0.012223801390497896
 Pre-tax net Interest Rate, Quick Asset Turnover Rate,0.01220618032134018
 ROA(A) before interest and % after tax, Cash Flow to Sales,0.012198305391715679
 After-tax Net Profit Growth Rate, Borrowing dependency,-0.012188434801569665
 Research and development expense rate, Operating Profit Growth Rate,0.012166212198910986
 Research and development expense rate, Interest Coverage Ratio (Interest expense to EBIT),-0.012160192077691508
 Non-industry income and expenditure/revenue, Inventory Turnover Rate (times),-0.0121447113732966
 Current Ratio, Current Liability to Assets,-0.012140726196286733
 Inventory/Current Liability, Current Asset Turnover Rate,0.012131467946793224
 Operating Profit Per Share (Yuan ¥), Continuous Net Profit Growth Rate,0.012131002416881862
 Regular Net Profit Growth Rate, Borrowing dependency,-0.012109164382951893
 Net Value Growth Rate, Inventory and accounts receivable/Net value,-0.012109107318882017
 Realized Sales Gross Profit Growth Rate, Working Capital to Total Assets,0.01209640111067303
 Revenue per person, Total expense/Assets,-0.012086181959059018
 Non-industry income and expenditure/revenue, Total Asset Turnover,-0.012057223598418657
 Non-industry income and expenditure/revenue, Borrowing dependency,-0.012037393724953382
 Continuous Net Profit Growth Rate, Operating profit/Paid-in capital,0.012001749902127845
 Operating Profit Rate, Inventory and accounts receivable/Net value,0.011993481914262498
 Cash flow rate, Interest-bearing debt interest rate,0.011986170150194691
 Cash Reinvestment %, Interest Expense Ratio,0.011983092286202373
 ROA(B) before interest and depreciation after tax, Cash Flow to Sales,0.011976714112962347
 Continuous Net Profit Growth Rate, Retained Earnings to Total Assets,0.011964781361292434
 Net Income to Total Assets, No-credit Interval,0.011941577555696335
 Contingent liabilities/Net worth, CFO to Assets,-0.011930669457331403
Bankrupt?, Current Asset Turnover Rate,0.011928817515383714
 Net Worth Turnover Rate (times), Cash/Total Assets,-0.011919963961591278
 Continuous interest rate (after tax), Inventory/Working Capital,0.011908860659419726
 Non-industry income and expenditure/revenue, Liability to Equity,-0.011899489569452576
 Quick Ratio, Retained Earnings to Total Assets,-0.011885424764536258
 Research and development expense rate, Working Capital to Total Assets,0.011881021378926718
 Operating Profit Growth Rate, Current Liabilities/Liability,0.011871298904880923
 Operating Profit Growth Rate, Current Liability to Liability,0.011871298904880923
 ROA(A) before interest and % after tax, Revenue Per Share (Yuan ¥),-0.011829455752834919
 Non-industry income and expenditure/revenue, Cash Flow to Liability,0.011812922789763322
 Total Asset Return Growth Rate Ratio, Equity to Long-term Liability,-0.011810861156004977
 Inventory Turnover Rate (times), Liability-Assets Flag,-0.011810674274622863
 Gross Profit to Sales, Degree of Financial Leverage (DFL),-0.01180627036269197
 Operating Gross Margin, Degree of Financial Leverage (DFL),-0.011806144253965487
 Current Ratio, Total expense/Assets,-0.011762414492045835
 ROA(C) before interest and depreciation before interest, Cash Flow to Sales,0.01175907472198967
 Tax rate (A), Cash/Total Assets,-0.011757585786356035
 Non-industry income and expenditure/revenue, Current Liabilities/Liability,-0.011739197056918912
 Non-industry income and expenditure/revenue, Current Liability to Liability,-0.011739197056918912
 Revenue Per Share (Yuan ¥), Inventory Turnover Rate (times),-0.011734435087003491
 Regular Net Profit Growth Rate, Liability to Equity,-0.01170473726668013
 Cash Flow to Total Assets, No-credit Interval,0.011692895964193525
 After-tax Net Profit Growth Rate, Liability to Equity,-0.01168528148141661
 Interest Expense Ratio, Cash Flow to Total Assets,-0.011677503921961652
 Revenue Per Share (Yuan ¥), Per Share Net profit before tax (Yuan ¥),-0.011662797364385118
 Cash Flow to Sales, Net Income to Total Assets,0.011634287252831948
 Net Value Per Share (A), Long-term Liability to Current Assets,0.011622845710757598
 Long-term fund suitability ratio (A), Cash Flow to Equity,0.0115815596941484
 Pre-tax net Interest Rate, Cash Flow to Liability,0.011516503158831367
 ROA(A) before interest and % after tax, Degree of Financial Leverage (DFL),-0.011515415283410773
 Net Value Per Share (C), Long-term Liability to Current Assets,0.011509444702123102
 Average Collection Days, Current Assets/Total Assets,-0.011503356877816007
 Operating Profit Growth Rate, Current Asset Turnover Rate,0.01149909981822467
 Inventory Turnover Rate (times), Interest Coverage Ratio (Interest expense to EBIT),-0.01149074781531385
 Tax rate (A), No-credit Interval,0.011488362859227611
 Interest-bearing debt interest rate, CFO to Assets,0.01148236797108073
 ROA(B) before interest and depreciation after tax, Interest Coverage Ratio (Interest expense to EBIT),0.011473346459158778
 ROA(A) before interest and % after tax, No-credit Interval,0.011463483415970786
 Revenue Per Share (Yuan ¥), Net profit before tax/Paid-in capital,-0.011462534870903436
 Realized Sales Gross Profit Growth Rate, Net worth/Assets,-0.011461159595254402
 Realized Sales Gross Profit Growth Rate, Debt ratio %,0.011461159595253975
 Operating Expense Rate, Inventory/Current Liability,-0.011448195345595408
 Continuous interest rate (after tax), Quick Asset Turnover Rate,0.011440009335567852
 Operating profit per person, Liability to Equity,-0.011414545395145576
 Persistent EPS in the Last Four Seasons, Revenue per person,-0.011411964413468544
 Persistent EPS in the Last Four Seasons, Total debt/Total net worth,-0.011383378244019283
 Tax rate (A), Net Value Growth Rate,-0.011379642209316839
 Pre-tax net Interest Rate, Net Income to Stockholder's Equity,0.011343085783142755
 Interest-bearing debt interest rate, Cash Flow to Liability,-0.01134092013700412
 Operating Profit Rate, Current Liability to Assets,0.011339750604136185
 Operating Profit Rate, After-tax Net Profit Growth Rate,0.011328235377419246
 Cash Reinvestment %, Current Liabilities/Liability,-0.011323890885390837
 Cash Reinvestment %, Current Liability to Liability,-0.011323890885390837
 Net Value Per Share (B), Long-term Liability to Current Assets,0.011322408747798714
 Operating profit per person, Cash Turnover Rate,0.011303911280216686
 Continuous interest rate (after tax), Equity to Liability,-0.011299466376047312
 Revenue per person, Equity to Liability,-0.011294620275224833
 Total Asset Return Growth Rate Ratio, Accounts Receivable Turnover,-0.011291245417685662
 Persistent EPS in the Last Four Seasons, Current Ratio,0.011286388032689334
 Total Asset Return Growth Rate Ratio, Fixed Assets Turnover Frequency,-0.011273802951312563
 Realized Sales Gross Margin, Degree of Financial Leverage (DFL),-0.01126770982471671
 Interest Expense Ratio, Cash Flow to Equity,-0.011265989845689293
 Interest-bearing debt interest rate, Inventory/Current Liability,0.011239867801827626
 Operating Profit Rate, Regular Net Profit Growth Rate,0.011226597903046018
 Fixed Assets Turnover Frequency, Inventory/Current Liability,0.011196764297355591
 Continuous interest rate (after tax), Net Income to Stockholder's Equity,0.011191283914833835
 Inventory Turnover Rate (times), Quick Assets/Current Liability,-0.011180104598013474
 Inventory Turnover Rate (times), Total income/Total expense,-0.011171566958901034
 Total Asset Growth Rate, Inventory/Current Liability,-0.011164439260737317
 Research and development expense rate, Realized Sales Gross Profit Growth Rate,-0.011150748906853643
 Average Collection Days, Operating Funds to Liability,0.011150412926669755
 Working Capital/Equity, Degree of Financial Leverage (DFL),-0.01113420691233206
 Interest Expense Ratio, Inventory Turnover Rate (times),-0.011133383091968152
 Cash Flow Per Share, Total income/Total expense,0.011126293617977477
 Total debt/Total net worth, Current Asset Turnover Rate,-0.011117749077796214
 Total expense/Assets, Fixed Assets to Assets,-0.011092451659847173
 Contingent liabilities/Net worth, Cash/Current Liability,0.011086866895821617
 Borrowing dependency, Total assets to GNP price,0.011083021629927393
 Current Assets/Total Assets, Inventory/Working Capital,-0.01106363095557393
 Interest-bearing debt interest rate, Cash/Current Liability,-0.011062557825023989
 Non-industry income and expenditure/revenue, Inventory and accounts receivable/Net value,-0.011026567662093749
 Quick Assets/Total Assets, Working capitcal Turnover Rate,0.011016205386823382
 Net Worth Turnover Rate (times), Operating profit per person,0.011006969385705443
 Average Collection Days, Net Income to Total Assets,0.011001954829093679
 Contingent liabilities/Net worth, Operating Funds to Liability,-0.011000471161640216
 Net Worth Turnover Rate (times), Total income/Total expense,-0.01097563280590404
 Interest-bearing debt interest rate, Net Income to Stockholder's Equity,0.010949927171940809
 Inventory and accounts receivable/Net value, Average Collection Days,0.010939927465433354
 Revenue per person, Quick Asset Turnover Rate,-0.010915136718803061
 After-tax net Interest Rate, Equity to Liability,-0.010899557913583244
 Revenue Per Share (Yuan ¥), Current Asset Turnover Rate,-0.010893614152015466
 Allocation rate per person, Total expense/Assets,0.010871871511267542
 Non-industry income and expenditure/revenue, Working Capital to Total Assets,0.010800449606229516
 Total Asset Growth Rate, Allocation rate per person,-0.010749970767119317
 Cash Flow Per Share, Allocation rate per person,-0.010748990220898985
 Current Ratio, Net profit before tax/Paid-in capital,0.01072552753329144
 Cash/Total Assets, Fixed Assets to Assets,-0.010715950030391627
 Average Collection Days, Retained Earnings to Total Assets,0.010699715757466985
 Net Value Growth Rate, Equity to Liability,-0.010685137407733586
 Operating profit per person, Current Liability to Equity,0.010680396105806336
 Operating profit per person, Current Liabilities/Equity,0.010680396105806336
 Revenue Per Share (Yuan ¥), Total Asset Growth Rate,-0.010670027075562478
 After-tax net Interest Rate, Net Income to Stockholder's Equity,0.010647783805406997
 Interest Expense Ratio, Cash/Current Liability,0.010632665141418404
 Accounts Receivable Turnover, Equity to Liability,0.010628789687348454
 Current Ratio, Cash/Total Assets,-0.010622304442393829
 Operating Expense Rate, Contingent liabilities/Net worth,0.010618016825934553
 Operating Profit Rate, Working Capital/Equity,0.010599712675329652
 Revenue Per Share (Yuan ¥), Equity to Long-term Liability,0.010573505481006197
 ROA(C) before interest and depreciation before interest, Interest Coverage Ratio (Interest expense to EBIT),0.010572835823920467
 ROA(C) before interest and depreciation before interest, Quick Assets/Current Liability,-0.010529616929026505
 Net worth/Assets, Long-term fund suitability ratio (A),0.01052305485986018
 Debt ratio %, Long-term fund suitability ratio (A),-0.010523054859859321
 Fixed Assets to Assets, Liability to Equity,0.010509136480743107
Bankrupt?, Degree of Financial Leverage (DFL),0.01050848096337433
 Inventory/Working Capital, Current Liability to Liability,-0.01050719225039822
 Inventory/Working Capital, Current Liabilities/Liability,-0.01050719225039822
 Tax rate (A), Total debt/Total net worth,-0.010497152707616975
 Operating Expense Rate, Revenue per person,-0.010492421609130203
 Net Value Growth Rate, Cash/Total Assets,-0.010481382269889566
 Operating Profit Rate, Cash/Total Assets,0.010465062793108647
 Net Income to Total Assets, Degree of Financial Leverage (DFL),-0.010462886108426451
 Revenue Per Share (Yuan ¥), Fixed Assets Turnover Frequency,-0.010461998090908729
 Net Value Per Share (B), Current Ratio,0.010461774276493975
 Long-term fund suitability ratio (A), Retained Earnings to Total Assets,0.010451267627576798
 Net Value Per Share (A), Current Ratio,0.010445514728433204
 Inventory/Working Capital, CFO to Assets,-0.010441413590179142
 Net Value Per Share (C), Current Ratio,0.010429270559209246
 Inventory and accounts receivable/Net value, Total income/Total expense,-0.010417099037395
 Operating Profit Rate, Net worth/Assets,-0.010397382140444018
 Operating Profit Rate, Debt ratio %,0.010397382140443907
 Interest-bearing debt interest rate, Total expense/Assets,-0.010339371934979087
 ROA(A) before interest and % after tax, Total debt/Total net worth,-0.010323254491811814
 Debt ratio %, Allocation rate per person,0.010320911043946114
 Net worth/Assets, Allocation rate per person,-0.01032091104394572
 Operating Funds to Liability, No-credit Interval,0.010302901233583817
 Research and development expense rate, Net Value Growth Rate,-0.010300172665684762
 Inventory Turnover Rate (times), No-credit Interval,-0.010280140840397205
 Debt ratio %, Fixed Assets Turnover Frequency,-0.010257931817476874
 Net worth/Assets, Fixed Assets Turnover Frequency,0.010257931817473285
 Cash Flow Per Share, Average Collection Days,-0.010239391412632366
 Pre-tax net Interest Rate, Inventory/Working Capital,0.010230814542700271
 Current Ratio, Equity to Liability,0.010227955463094131
 Borrowing dependency, Inventory Turnover Rate (times),0.010202666823883383
 Continuous Net Profit Growth Rate, Total Asset Growth Rate,0.010175352469405395
 Total Asset Growth Rate, Inventory/Working Capital,0.01014718994766018
 Retained Earnings to Total Assets, Cash Flow to Sales,0.010140118668603757
 Interest-bearing debt interest rate, After-tax Net Profit Growth Rate,0.010105624471608426
 Net Value Growth Rate, No-credit Interval,-0.010080362479851853
 Interest-bearing debt interest rate, Tax rate (A),0.010079932347503037
 Total debt/Total net worth, Liability to Equity,-0.010044639226360084
 Tax rate (A), Fixed Assets to Assets,-0.01004452364093411
 Interest-bearing debt interest rate, Regular Net Profit Growth Rate,0.010021106728891109
 ROA(B) before interest and depreciation after tax, Quick Assets/Current Liability,-0.010013719719753431
 Tax rate (A), Total Asset Return Growth Rate Ratio,0.009975844190274617
 Total debt/Total net worth, Current Liabilities/Equity,-0.009966570708719216
 Total debt/Total net worth, Current Liability to Equity,-0.009966570708719216
 Research and development expense rate, Liability-Assets Flag,-0.00996002794280688
 Revenue per person, CFO to Assets,-0.009930020923076453
 Inventory/Current Liability, Equity to Long-term Liability,0.009926382058132368
 ROA(B) before interest and depreciation after tax, Average Collection Days,0.009921310220667967
 Cash Flow Per Share, Working Capital/Equity,-0.009904442100040468
 Operating Profit Per Share (Yuan ¥), Revenue per person,-0.00989878902607261
 Operating profit/Paid-in capital, Revenue per person,-0.009861340075468277
 Tax rate (A), Quick Assets/Current Liability,-0.009853950393631399
 Operating profit per person, No-credit Interval,-0.009823279043390618
 Total Asset Return Growth Rate Ratio, Liability-Assets Flag,-0.009822789276613933
 Cash flow rate, Contingent liabilities/Net worth,-0.009770984964746435
 Interest-bearing debt interest rate, Current Asset Turnover Rate,-0.00975868326203698
 Tax rate (A), Net worth/Assets,0.009723614062846178
 Tax rate (A), Debt ratio %,-0.009723614062845411
 Total Asset Return Growth Rate Ratio, Borrowing dependency,-0.009720380162907924
 Revenue Per Share (Yuan ¥), Inventory and accounts receivable/Net value,-0.00971098857907973
 Accounts Receivable Turnover, Quick Assets/Total Assets,0.009706088717333352
 Persistent EPS in the Last Four Seasons, Revenue Per Share (Yuan ¥),-0.00968993963122727
 Per Share Net profit before tax (Yuan ¥), Current Ratio,0.009684308909018285
 Quick Ratio, Liability to Equity,0.009645018513174978
 ROA(A) before interest and % after tax, Quick Assets/Current Liability,-0.009612263581940655
 Retained Earnings to Total Assets, Interest Coverage Ratio (Interest expense to EBIT),0.009602710289355089
 Interest Expense Ratio, Current Assets/Total Assets,-0.009593767514622835
 Operating Profit Rate, Inventory Turnover Rate (times),0.009575737534712732
 Average Collection Days, Inventory/Working Capital,-0.009553803309100635
 Operating profit/Paid-in capital, Equity to Liability,-0.009527658084798671
 Cash Flow Per Share, Contingent liabilities/Net worth,-0.009521362591382488
 Operating Expense Rate, Regular Net Profit Growth Rate,0.00951105160562007
 After-tax net Interest Rate, Inventory/Working Capital,0.009500607983651238
 Current Liabilities/Liability, Interest Coverage Ratio (Interest expense to EBIT),0.009450223784547424
 Current Liability to Liability, Interest Coverage Ratio (Interest expense to EBIT),0.009450223784547424
 Per Share Net profit before tax (Yuan ¥), Current Asset Turnover Rate,0.009442806002823035
 Net Value Per Share (B), Cash Flow to Sales,0.009424090993493985
 Quick Asset Turnover Rate, Interest Coverage Ratio (Interest expense to EBIT),-0.009415500505859644
 Net Value Per Share (C), Cash Flow to Sales,0.009402653665437799
 Persistent EPS in the Last Four Seasons, Allocation rate per person,-0.00940252926717994
Bankrupt?, Continuous Net Profit Growth Rate,-0.009400902137393351
 Net Value Per Share (A), Cash Flow to Sales,0.009397748359140687
 Inventory Turnover Rate (times), Long-term Liability to Current Assets,0.009396807829822652
 Borrowing dependency, Operating profit per person,-0.009384918613550688
 Cash Flow Per Share, Net Value Growth Rate,-0.00938306986470723
 Net Value Per Share (B), Allocation rate per person,-0.009322191749370446
 Long-term Liability to Current Assets, Current Liability to Equity,0.0093171130768189
 Current Liabilities/Equity, Long-term Liability to Current Assets,0.009317113076818886
 Operating Profit Per Share (Yuan ¥), Equity to Liability,-0.009315586119807156
 Net Value Per Share (C), Allocation rate per person,-0.009310491046114144
 Current Liabilities/Equity, Working capitcal Turnover Rate,-0.009280712828057364
 Working capitcal Turnover Rate, Current Liability to Equity,-0.009280712828057274
 Net Value Per Share (A), Allocation rate per person,-0.00926757920974113
 Total Asset Return Growth Rate Ratio, Quick Asset Turnover Rate,-0.009261870271913698
 Cash Turnover Rate, Net Income to Stockholder's Equity,0.009239606902740855
 Quick Ratio, Working Capital to Total Assets,-0.009233442546046819
 Net Worth Turnover Rate (times), Degree of Financial Leverage (DFL),-0.009233188180874461
 Operating Expense Rate, Allocation rate per person,-0.009231095852821678
 Current Ratio, Net Worth Turnover Rate (times),-0.009228903650485844
 Quick Assets/Current Liability, Operating Funds to Liability,-0.009208345215183955
 ROA(C) before interest and depreciation before interest, Fixed Assets to Assets,-0.009191895079865635
 Continuous Net Profit Growth Rate, Current Liability to Current Assets,-0.009174073095459713
 Inventory Turnover Rate (times), Total assets to GNP price,0.009171935034525727
 Total Asset Growth Rate, Fixed Assets Turnover Frequency,0.00915517205859207
 Working Capital/Equity, No-credit Interval,-0.009142617038515717
 Total debt/Total net worth, Retained Earnings to Total Assets,-0.00912853973811146
 Realized Sales Gross Profit Growth Rate, Cash Turnover Rate,-0.009126459184339205
 Continuous Net Profit Growth Rate, Gross Profit to Sales,0.009121583421684709
 Operating Gross Margin, Continuous Net Profit Growth Rate,0.00912117877455373
 Realized Sales Gross Margin, Continuous Net Profit Growth Rate,0.009117151748005859
 Cash Flow Per Share, Inventory/Working Capital,-0.009111805179705067
 Research and development expense rate, Current Ratio,-0.009091702928714026
 Research and development expense rate, Fixed Assets to Assets,-0.009091702857493276
 Pre-tax net Interest Rate, Inventory and accounts receivable/Net value,0.009042030941623229
 ROA(A) before interest and % after tax, Average Collection Days,0.009040970891299356
 Cash flow rate, Revenue per person,-0.009017841373030735
 Net Value Growth Rate, Inventory Turnover Rate (times),-0.009008735441579513
 Non-industry income and expenditure/revenue, Cash/Total Assets,0.009001839336827463
 After-tax net Interest Rate, Inventory and accounts receivable/Net value,0.008992940050862748
 Operating Expense Rate, Long-term fund suitability ratio (A),0.008989692872319146
 Allocation rate per person, Equity to Long-term Liability,-0.008977636193251839
 Research and development expense rate, Cash Flow to Equity,0.008972009612260214
 Non-industry income and expenditure/revenue, Current Liabilities/Equity,-0.008968570801623912
 Non-industry income and expenditure/revenue, Current Liability to Equity,-0.008968570801623912
 Operating Funds to Liability, Degree of Financial Leverage (DFL),-0.008961090388250449
 Working Capital/Equity, Total expense/Assets,0.008947699505890439
 Quick Ratio, Cash Flow to Total Assets,-0.008936212740539254
 Cash/Current Liability, Current Liabilities/Liability,0.008926241242443582
 Cash/Current Liability, Current Liability to Liability,0.008926241242443582
 Total Asset Return Growth Rate Ratio, Current Liability to Current Assets,-0.008919901763501997
 Current Assets/Total Assets, Liability-Assets Flag,-0.008918063516460833
 Working Capital to Total Assets, Interest Coverage Ratio (Interest expense to EBIT),-0.008911690182177053
 Regular Net Profit Growth Rate, Total Asset Growth Rate,0.008910850861287442
 Realized Sales Gross Profit Growth Rate, Retained Earnings to Total Assets,-0.008902381355632384
 Total debt/Total net worth, Inventory and accounts receivable/Net value,-0.008896086270266302
 Interest Expense Ratio, Operating profit per person,0.008880526807195598
 Interest Expense Ratio, CFO to Assets,0.008880240025042613
 Net Value Growth Rate, Current Asset Turnover Rate,0.0088785370116459
Bankrupt?, After-tax net Interest Rate,-0.008857223259656889
 Net Worth Turnover Rate (times), Fixed Assets to Assets,-0.008856103623961638
 Tax rate (A), Inventory/Working Capital,-0.008832797855564444
 Operating profit/Paid-in capital, Current Asset Turnover Rate,0.008815467296795457
 No-credit Interval, Degree of Financial Leverage (DFL),-0.008811972495152436
 Non-industry income and expenditure/revenue, Cash Turnover Rate,-0.008805470868914355
 Per Share Net profit before tax (Yuan ¥), Allocation rate per person,-0.008783383565229463
 Research and development expense rate, Cash Flow to Liability,-0.008771121457325342
 Inventory/Working Capital, Current Asset Turnover Rate,-0.008715924914238476
 Cash/Current Liability, Cash Flow to Liability,-0.008704410490164571
 Total Asset Growth Rate, Net Value Growth Rate,-0.008688356870361787
 Inventory and accounts receivable/Net value, Inventory/Working Capital,0.008686641053916085
 Realized Sales Gross Profit Growth Rate, Working Capital/Equity,0.00868281641599282
 Operating Profit Growth Rate, Cash Flow to Total Assets,0.008679756218369833
 Long-term fund suitability ratio (A), Net Income to Stockholder's Equity,0.008678561243057416
 Allocation rate per person, Working Capital/Equity,0.008667999893428825
 Research and development expense rate, Long-term Liability to Current Assets,0.00863554223177226
 Total debt/Total net worth, Accounts Receivable Turnover,0.008627417487481663
 Allocation rate per person, CFO to Assets,-0.008625493784511853
 Net profit before tax/Paid-in capital, Allocation rate per person,-0.008584202728368063
 Total debt/Total net worth, Net profit before tax/Paid-in capital,-0.00857465600345796
 Cash Turnover Rate, Total assets to GNP price,-0.008560282321836822
 Cash Reinvestment %, No-credit Interval,0.008557803822392325
 Interest-bearing debt interest rate, Total Asset Turnover,0.008551461202243928
 Net Value Per Share (A), Total debt/Total net worth,0.008546519034494904
 Net Value Per Share (B), Total debt/Total net worth,0.008546431368135998
 Interest Expense Ratio, Equity to Long-term Liability,0.008543192373649028
 Per Share Net profit before tax (Yuan ¥), Total debt/Total net worth,-0.008517917215564483
Bankrupt?, Pre-tax net Interest Rate,-0.008516547957069175
 Net Value Per Share (C), Total debt/Total net worth,0.008514126133652955
 Continuous Net Profit Growth Rate, Equity to Long-term Liability,-0.008501057770566025
 Long-term fund suitability ratio (A), Cash Flow to Sales,0.008498778092009314
 Operating Funds to Liability, Inventory/Working Capital,-0.008492218693114006
 Operating Expense Rate, Net Value Growth Rate,-0.008456422523363434
 Working Capital to Total Assets, Total assets to GNP price,-0.008452074404041837
 Inventory/Working Capital, Cash Flow to Equity,0.008403070075573777
Bankrupt?, Continuous interest rate (after tax),-0.008394858991376415
 Net Worth Turnover Rate (times), Inventory/Current Liability,-0.008378293104443994
 Operating Funds to Liability, Fixed Assets to Assets,-0.00836921717955087
 Accounts Receivable Turnover, Equity to Long-term Liability,-0.008363764424656875
 Cash flow rate, Quick Assets/Current Liability,-0.008363689098467172
 ROA(B) before interest and depreciation after tax, Fixed Assets to Assets,-0.008363546883444211
 Inventory Turnover Rate (times), Liability to Equity,-0.00835926120075181
 Quick Ratio, Inventory/Working Capital,0.008347483740819043
 Interest Coverage Ratio (Interest expense to EBIT), Equity to Liability,-0.008339115900417422
 Revenue Per Share (Yuan ¥), Net Income to Total Assets,-0.008314745431590654
 Research and development expense rate, Total income/Total expense,-0.008301390011017696
 Research and development expense rate, Cash Flow to Total Assets,0.008292611646319257
 Cash Flow Per Share, Revenue per person,-0.00827070479114888
 Per Share Net profit before tax (Yuan ¥), No-credit Interval,0.008266733435990416
 Current Assets/Total Assets, Quick Assets/Current Liability,0.008243427653173806
 Continuous interest rate (after tax), Inventory and accounts receivable/Net value,0.00824324037043098
 Net Value Growth Rate, Cash Flow to Total Assets,-0.008237059090470551
 Net Value Per Share (B), Revenue Per Share (Yuan ¥),-0.008234809707529886
 Non-industry income and expenditure/revenue, Total Asset Growth Rate,-0.008223731078216797
 Net Value Per Share (C), Revenue Per Share (Yuan ¥),-0.008221632935751776
 Net profit before tax/Paid-in capital, Current Asset Turnover Rate,0.00819780653655471
 Net Value Per Share (A), Revenue Per Share (Yuan ¥),-0.008193170665839624
 Cash/Current Liability, Net Income to Stockholder's Equity,-0.008187978762115751
 Current Ratio, No-credit Interval,0.008178175161054508
 Net Value Per Share (B), Interest Expense Ratio,-0.008174869160243353
 After-tax net Interest Rate, Current Asset Turnover Rate,0.008173530923818067
 Net profit before tax/Paid-in capital, Interest Coverage Ratio (Interest expense to EBIT),0.008171550832285008
 Operating Expense Rate, Realized Sales Gross Profit Growth Rate,-0.008170085769546313
 Cash Flow to Sales, CFO to Assets,0.00816834188155772
 Quick Assets/Current Liability, Net Income to Total Assets,-0.008154275462649479
 Per Share Net profit before tax (Yuan ¥), Interest Coverage Ratio (Interest expense to EBIT),0.008142599420445942
 ROA(C) before interest and depreciation before interest, No-credit Interval,0.008135088508584715
 Operating Profit Per Share (Yuan ¥), Current Asset Turnover Rate,0.00812972051572914
 Operating Profit Rate, Current Asset Turnover Rate,0.008117102624821718
 Net Value Per Share (A), Interest Expense Ratio,-0.008085467547642326
 Total debt/Total net worth, Working Capital/Equity,0.008081089715815564
 Total debt/Total net worth, Borrowing dependency,-0.008079808701994297
 Pre-tax net Interest Rate, Current Asset Turnover Rate,0.008064647887712953
 Net Value Per Share (C), Interest Expense Ratio,-0.008056073466262905
 Total debt/Total net worth, Net Income to Total Assets,-0.008055669458360415
 Operating Profit Growth Rate, Cash/Total Assets,0.008048368581277728
 Total expense/Assets, Cash Turnover Rate,-0.008045768248919805
 After-tax Net Profit Growth Rate, Total Asset Growth Rate,0.00803946247803986
 Persistent EPS in the Last Four Seasons, Interest Coverage Ratio (Interest expense to EBIT),0.008038579913216175
 Operating profit/Paid-in capital, Allocation rate per person,-0.008026532302548971
 Operating Profit Per Share (Yuan ¥), Allocation rate per person,-0.008020387783399714
 Operating Expense Rate, Inventory/Working Capital,-0.008018056492787015
 Average Collection Days, Equity to Long-term Liability,-0.007994330868779223
 Current Ratio, Inventory and accounts receivable/Net value,-0.00797534606345072
 Equity to Long-term Liability, Interest Coverage Ratio (Interest expense to EBIT),-0.007972565075181431
 Current Ratio, Inventory Turnover Rate (times),-0.00794278077932411
 Net profit before tax/Paid-in capital, No-credit Interval,0.007938523201584386
 Continuous Net Profit Growth Rate, Current Assets/Total Assets,-0.007937133161020137
 Operating Expense Rate, Average Collection Days,-0.00793519213474577
 Pre-tax net Interest Rate, Equity to Long-term Liability,-0.007929473140192997
 Non-industry income and expenditure/revenue, Net Worth Turnover Rate (times),-0.007916045603803724
 Operating Profit Growth Rate, Fixed Assets Turnover Frequency,-0.007908241450847155
 Total expense/Assets, Equity to Liability,0.007906677022570108
 Average Collection Days, Inventory Turnover Rate (times),0.007906339236781058
 Cash flow rate, Current Asset Turnover Rate,-0.007870327723347803
 Interest Expense Ratio, Quick Asset Turnover Rate,0.007864668870935943
 Realized Sales Gross Profit Growth Rate, Inventory Turnover Rate (times),-0.00785329456339983
 Revenue per person, Operating profit per person,-0.0078448292322021
 Interest Expense Ratio, Borrowing dependency,0.007844458872587104
 Research and development expense rate, Continuous Net Profit Growth Rate,0.007841628095534443
 Persistent EPS in the Last Four Seasons, Average Collection Days,0.00783796000416301
 Working capitcal Turnover Rate, Liability to Equity,-0.0078080516811243434
 CFO to Assets, No-credit Interval,0.007768889545530301
 Quick Asset Turnover Rate, Fixed Assets to Assets,-0.007764988956481511
 Fixed Assets to Assets, Equity to Liability,-0.00775843455436743
 Average Collection Days, Current Liability to Equity,0.007743939621478283
 Average Collection Days, Current Liabilities/Equity,0.007743939621478283
 Continuous Net Profit Growth Rate, Borrowing dependency,-0.007715205749381662
 Interest-bearing debt interest rate, Inventory Turnover Rate (times),0.007712709003471894
 Borrowing dependency, Inventory/Current Liability,0.007702114231811918
 Fixed Assets Turnover Frequency, Quick Assets/Current Liability,-0.0076967034887743336
 Non-industry income and expenditure/revenue, Net Income to Stockholder's Equity,0.007692567484624685
 Inventory Turnover Rate (times), Fixed Assets to Assets,-0.007657885466376411
 Retained Earnings to Total Assets, Quick Asset Turnover Rate,-0.007652750121446506
 Current Liability to Current Assets, Interest Coverage Ratio (Interest expense to EBIT),0.007652232081496738
 Inventory/Current Liability, Liability to Equity,0.0076366230433926995
 Operating Expense Rate, Cash Flow to Total Assets,0.007630425463857201
 Non-industry income and expenditure/revenue, Current Assets/Total Assets,-0.007613175830228151
 Operating Profit Growth Rate, Net Income to Stockholder's Equity,-0.007569991575713349
 Borrowing dependency, Long-term Liability to Current Assets,-0.007554487959891746
 Net worth/Assets, Operating profit per person,-0.007547220022715156
 Debt ratio %, Operating profit per person,0.007547220022713992
 Total Asset Turnover, No-credit Interval,0.007536497441307629
 Long-term Liability to Current Assets, Net Income to Stockholder's Equity,0.007529027040780308
 ROA(B) before interest and depreciation after tax, No-credit Interval,0.007522730518130116
 Regular Net Profit Growth Rate, Current Liability to Equity,-0.0075206025071590365
 Regular Net Profit Growth Rate, Current Liabilities/Equity,-0.0075206025071590365
 Interest-bearing debt interest rate, Total assets to GNP price,-0.007518664689390155
 Continuous interest rate (after tax), Current Asset Turnover Rate,0.007518235720569864
 After-tax Net Profit Growth Rate, Current Liabilities/Equity,-0.007516667028315
 After-tax Net Profit Growth Rate, Current Liability to Equity,-0.007516667028315
 Total Asset Return Growth Rate Ratio, Inventory and accounts receivable/Net value,0.007471810106885927
 Operating Expense Rate, Fixed Assets to Assets,-0.007464271158170335
 Operating Expense Rate, Current Ratio,-0.007464271153618833
 Continuous Net Profit Growth Rate, Liability to Equity,-0.007432791320408912
 Cash flow rate, Net Value Growth Rate,-0.007419936896166775
 Contingent liabilities/Net worth, Total expense/Assets,-0.00740422999979504
 Retained Earnings to Total Assets, Cash Turnover Rate,0.007397795931701971
 Total income/Total expense, Liability to Equity,-0.007382519230085232
 Total Asset Growth Rate, Interest Expense Ratio,0.0073251010492246015
 Regular Net Profit Growth Rate, Cash Flow to Equity,-0.007324254768514561
 Operating Expense Rate, Working Capital/Equity,0.007323972353645089
 ROA(B) before interest and depreciation after tax, Inventory/Current Liability,0.007302496149037772
 Interest-bearing debt interest rate, Degree of Financial Leverage (DFL),-0.0073007932046758595
 Current Ratio, Quick Asset Turnover Rate,-0.007291281256767242
 Net profit before tax/Paid-in capital, Quick Assets/Current Liability,-0.007288333636627957
 Current Assets/Total Assets, Interest Coverage Ratio (Interest expense to EBIT),0.007280631324873223
 Realized Sales Gross Margin, Allocation rate per person,-0.0072620875274487
 Borrowing dependency, Degree of Financial Leverage (DFL),0.0072600403149919125
 Persistent EPS in the Last Four Seasons, Cash Flow to Sales,0.007255269014100622
 Operating Expense Rate, Cash Flow Per Share,0.007252733361920757
 Continuous Net Profit Growth Rate, Revenue per person,-0.007249171546782457
 Interest Expense Ratio, Long-term fund suitability ratio (A),-0.007224175075703894
 Revenue per person, Current Asset Turnover Rate,-0.007216765083322843
 Cash/Total Assets, Interest Coverage Ratio (Interest expense to EBIT),-0.007205435883064778
 Working Capital/Equity, Fixed Assets to Assets,0.007193242883168709
 Fixed Assets Turnover Frequency, No-credit Interval,-0.007191850932610547
 Operating Profit Per Share (Yuan ¥), Quick Assets/Current Liability,-0.007191503415992557
 Continuous Net Profit Growth Rate, Quick Asset Turnover Rate,-0.0071766626631680815
 Operating Expense Rate, After-tax Net Profit Growth Rate,0.007175805050672656
 Long-term fund suitability ratio (A), Accounts Receivable Turnover,0.0071669581578580055
 Current Liabilities/Liability, Liability-Assets Flag,0.007156826096904126
 Current Liability to Liability, Liability-Assets Flag,0.007156826096904126
 Operating profit/Paid-in capital, Quick Assets/Current Liability,-0.00714686592645271
Bankrupt?, Total income/Total expense,-0.007136923945718263
 Allocation rate per person, Current Liability to Current Assets,-0.00712121950949873
 Research and development expense rate, Current Liability to Liability,-0.007120310776238903
 Research and development expense rate, Current Liabilities/Liability,-0.007120310776238903
 Quick Ratio, Quick Asset Turnover Rate,0.007069037943991943
 Long-term Liability to Current Assets, Current Liability to Current Assets,-0.0070666836851703595
 Total Asset Turnover, Cash Flow to Sales,0.007063980689638139
 Current Liability to Equity, Cash Flow to Total Assets,-0.007062120210760377
 Current Liabilities/Equity, Cash Flow to Total Assets,-0.007062120210760377
 ROA(C) before interest and depreciation before interest, Average Collection Days,0.007018964024845284
 Borrowing dependency, Total income/Total expense,-0.00701551932999685
 Interest-bearing debt interest rate, Cash Flow to Equity,-0.006994774892188586
 Current Liability to Assets, Degree of Financial Leverage (DFL),0.006987052168365479
 Interest-bearing debt interest rate, Accounts Receivable Turnover,-0.006983269677070076
 Cash Flow Per Share, Revenue Per Share (Yuan ¥),-0.0069828274755787435
 Cash/Current Liability, Inventory/Current Liability,-0.006982262056612321
 Current Liabilities/Equity, Total income/Total expense,-0.006979995146274518
 Total income/Total expense, Current Liability to Equity,-0.006979995146274511
 Interest Expense Ratio, Long-term Liability to Current Assets,-0.00697108528901589
 Net Value Growth Rate, Operating Funds to Liability,-0.006966703838785542
 Total debt/Total net worth, Cash Flow to Equity,0.006952851664029293
 Operating Gross Margin, Allocation rate per person,-0.006952505768961094
 Allocation rate per person, Gross Profit to Sales,-0.006951604001287467
 After-tax Net Profit Growth Rate, Interest Expense Ratio,0.006938297845774753
 Debt ratio %, Long-term Liability to Current Assets,-0.006936462108871464
 Net worth/Assets, Long-term Liability to Current Assets,0.006936462108871063
 Cash flow rate, Fixed Assets to Assets,-0.006932644943100451
 Per Share Net profit before tax (Yuan ¥), Quick Ratio,-0.006930800347358125
 Interest Expense Ratio, Liability to Equity,0.006926063360412097
 After-tax Net Profit Growth Rate, Cash Flow to Equity,-0.006924728243829499
 Accounts Receivable Turnover, Current Assets/Total Assets,-0.006895585596608543
 Regular Net Profit Growth Rate, Interest Expense Ratio,0.006874392133389682
 Per Share Net profit before tax (Yuan ¥), Quick Assets/Current Liability,-0.006873151904265198
 Net profit before tax/Paid-in capital, Cash Flow to Sales,0.006864474051131798
 Quick Ratio, Net profit before tax/Paid-in capital,-0.006860904798489556
 Research and development expense rate, No-credit Interval,-0.00683826756671234
 Operating profit per person, Current Asset Turnover Rate,-0.006811745949180179
 Total Asset Growth Rate, Cash/Current Liability,0.006807518580616686
 Cash flow rate, Inventory/Working Capital,-0.00680094033805393
 Quick Assets/Current Liability, Cash Flow to Equity,-0.006788462498698899
 Total debt/Total net worth, Current Liabilities/Liability,-0.0067804249794193965
 Total debt/Total net worth, Current Liability to Liability,-0.0067804249794193965
 Total Asset Growth Rate, Current Ratio,0.0067791032577547
 Revenue per person, Operating Funds to Liability,-0.006773747510186604
 Cash Reinvestment %, Contingent liabilities/Net worth,-0.006770515692505833
 Inventory and accounts receivable/Net value, Interest Coverage Ratio (Interest expense to EBIT),0.006764161703353873
 Operating Expense Rate, Cash Flow to Liability,-0.006762326660880004
 Persistent EPS in the Last Four Seasons, Quick Assets/Current Liability,-0.006743561465642251
 Operating Profit Per Share (Yuan ¥), Fixed Assets to Assets,-0.00673221192297869
 Inventory Turnover Rate (times), Equity to Liability,0.006725851841078324
 Operating profit/Paid-in capital, Fixed Assets to Assets,-0.006722723579053472
 Operating Profit Growth Rate, Current Liability to Assets,-0.006721131937531385
 Net profit before tax/Paid-in capital, Fixed Assets to Assets,-0.0067164052355979725
 Interest Expense Ratio, Net Worth Turnover Rate (times),0.006705732349734167
 Inventory/Current Liability, Total expense/Assets,0.006700869698650015
 Fixed Assets Turnover Frequency, Revenue per person,-0.006699901851808094
 Fixed Assets Turnover Frequency, Total income/Total expense,-0.006678988648015246
 Cash Reinvestment %, Cash Flow to Sales,0.006673565792163647
 Inventory and accounts receivable/Net value, Degree of Financial Leverage (DFL),-0.006647342760954853
 Operating Expense Rate, Continuous Net Profit Growth Rate,-0.006643657365997401
 Cash flow rate, Average Collection Days,0.006638100238488845
 Continuous Net Profit Growth Rate, Net Income to Stockholder's Equity,0.00663772009042327
 Current Ratio, Cash Flow to Total Assets,-0.006635019631026785
 Accounts Receivable Turnover, Net Income to Stockholder's Equity,-0.006587045301727096
 Total Asset Return Growth Rate Ratio, Total assets to GNP price,0.006582555590345416
 Total Asset Growth Rate, Fixed Assets to Assets,0.006570117311099056
 Cash/Total Assets, Total income/Total expense,-0.006558261369399042
Bankrupt?, Average Collection Days,-0.006555539589374333
 Revenue per person, Net Income to Stockholder's Equity,-0.006549314711825942
 Current Liabilities/Liability, Cash Turnover Rate,-0.006542801978317003
 Cash Turnover Rate, Current Liability to Liability,-0.006542801978317002
 Net Value Growth Rate, Total Asset Turnover,-0.0065322544642389445
 Continuous Net Profit Growth Rate, Cash Turnover Rate,-0.006509360156961314
 Cash Turnover Rate, Liability-Assets Flag,0.00649827512258243
 Operating Expense Rate, No-credit Interval,0.006497361129803696
 Operating profit per person, Working capitcal Turnover Rate,-0.006489336270395194
 Per Share Net profit before tax (Yuan ¥), Fixed Assets to Assets,-0.006481655252754613
 Persistent EPS in the Last Four Seasons, Fixed Assets to Assets,-0.006477343074278501
 Realized Sales Gross Profit Growth Rate, After-tax Net Profit Growth Rate,0.006470051467864852
 Realized Sales Gross Profit Growth Rate, Regular Net Profit Growth Rate,0.006444233799309056
 Borrowing dependency, Total Asset Turnover,-0.006443005340808566
 Total Asset Turnover, Working capitcal Turnover Rate,-0.0064417214322291146
 Net Value Per Share (B), Working capitcal Turnover Rate,0.006437985884710702
 Allocation rate per person, Current Liability to Equity,0.0064363763616878894
 Allocation rate per person, Current Liabilities/Equity,0.0064363763616878894
 Net Value Per Share (C), Working capitcal Turnover Rate,0.006431343249729222
 Per Share Net profit before tax (Yuan ¥), Cash Flow to Sales,0.006428476173098181
 Net Value Per Share (A), Working capitcal Turnover Rate,0.006426415647972738
 Quick Ratio, Current Liability to Current Assets,0.006419897886667917
 Continuous Net Profit Growth Rate, Inventory and accounts receivable/Net value,-0.00636896327677123
 Non-industry income and expenditure/revenue, Quick Asset Turnover Rate,-0.006365177297822123
 Fixed Assets to Assets, No-credit Interval,-0.006361415484949137
 Revenue Per Share (Yuan ¥), Current Liabilities/Equity,-0.006360201327597056
 Revenue Per Share (Yuan ¥), Current Liability to Equity,-0.006360201327597056
 Cash flow rate, Degree of Financial Leverage (DFL),-0.006348253499186486
 Retained Earnings to Total Assets, Working capitcal Turnover Rate,0.006343146930714383
 Operating Profit Per Share (Yuan ¥), Interest Coverage Ratio (Interest expense to EBIT),0.006330532265607423
 Total debt/Total net worth, Equity to Long-term Liability,-0.006327522020573863
 After-tax net Interest Rate, Equity to Long-term Liability,-0.006325724709650092
 Revenue per person, Current Liability to Assets,0.006308645307638604
 Equity to Long-term Liability, Total assets to GNP price,0.006302169080654553
 Cash Flow Per Share, Current Liability to Liability,0.006296321367089628
 Cash Flow Per Share, Current Liabilities/Liability,0.006296321367089628
 Operating profit/Paid-in capital, Interest Coverage Ratio (Interest expense to EBIT),0.006258037140318705
 Interest Expense Ratio, Current Liability to Assets,0.0062537463757961825
 Operating Expense Rate, Interest Coverage Ratio (Interest expense to EBIT),0.006231802814312962
 Revenue Per Share (Yuan ¥), Current Liability to Current Assets,-0.006223883291574566
 Operating Profit Rate, Net Income to Stockholder's Equity,0.006215964545178596
 Total income/Total expense, Net Income to Stockholder's Equity,0.00621321691088384
 Cash/Current Liability, No-credit Interval,-0.0062076635753994785
 Continuous interest rate (after tax), Inventory Turnover Rate (times),0.006203240894787656
 Cash Flow Per Share, Degree of Financial Leverage (DFL),-0.006200451284951414
 Realized Sales Gross Margin, Long-term fund suitability ratio (A),0.006189410426875714
 Continuous Net Profit Growth Rate, Current Liabilities/Equity,-0.0061793771781646
 Continuous Net Profit Growth Rate, Current Liability to Equity,-0.0061793771781646
 After-tax net Interest Rate, Debt ratio %,-0.006174253182692916
 After-tax net Interest Rate, Net worth/Assets,0.00617425318269275
 Net Value Growth Rate, Quick Asset Turnover Rate,0.006129397534800351
 Operating profit per person, Degree of Financial Leverage (DFL),-0.0060940661835557535
 Interest-bearing debt interest rate, Long-term Liability to Current Assets,0.006089922558636774
 Operating Profit Growth Rate, Interest Expense Ratio,0.006089574151638661
Bankrupt?, Operating Expense Rate,-0.006083225509124877
 Net worth/Assets, Average Collection Days,-0.006061846877365635
 Debt ratio %, Average Collection Days,0.0060618468773649195
 Contingent liabilities/Net worth, Fixed Assets Turnover Frequency,-0.006061481090589295
 CFO to Assets, Interest Coverage Ratio (Interest expense to EBIT),0.006057291900250837
 Non-industry income and expenditure/revenue, Research and development expense rate,-0.0060412218864120334
 ROA(A) before interest and % after tax, Allocation rate per person,-0.006034682120616423
 Long-term fund suitability ratio (A), Gross Profit to Sales,0.006020009824765198
 Operating Gross Margin, Long-term fund suitability ratio (A),0.0060195962198155714
 Operating Expense Rate, Interest-bearing debt interest rate,-0.006011228390267241
 Average Collection Days, Fixed Assets to Assets,0.006008312767969188
 Operating Profit Growth Rate, Working capitcal Turnover Rate,-0.005974255363478159
 Operating Profit Growth Rate, Current Liability to Equity,0.005972663015513377
 Operating Profit Growth Rate, Current Liabilities/Equity,0.005972663015513377
 After-tax net Interest Rate, Inventory Turnover Rate (times),0.005957117403308669
 Non-industry income and expenditure/revenue, Cash flow rate,-0.0059433107887828535
 Cash flow rate, Accounts Receivable Turnover,0.00590405798524783
 Continuous Net Profit Growth Rate, Operating profit per person,0.0059000166609825275
 Cash Flow to Equity, No-credit Interval,0.005882925210219928
 Research and development expense rate, Working Capital/Equity,0.005879038997293284
 ROA(A) before interest and % after tax, Fixed Assets to Assets,-0.005860110259107179
 Operating profit per person, Inventory/Current Liability,0.005856511187290726
 Operating Profit Growth Rate, Inventory and accounts receivable/Net value,0.005846523699421988
 Realized Sales Gross Profit Growth Rate, Total Asset Return Growth Rate Ratio,0.005842771194290193
 Long-term fund suitability ratio (A), Liability-Assets Flag,-0.00583307573610431
 Regular Net Profit Growth Rate, Inventory and accounts receivable/Net value,-0.005826774089320525
 After-tax Net Profit Growth Rate, Current Asset Turnover Rate,0.005804650091049858
 Current Ratio, Working Capital/Equity,-0.005778933966080195
 Operating Profit Rate, Gross Profit to Sales,0.0057458966625668784
 Operating Gross Margin, Operating Profit Rate,0.005744835890667578
 Inventory/Working Capital, Equity to Liability,-0.005719135635425157
 Quick Ratio, Cash Flow to Equity,-0.005716854382424068
 ROA(C) before interest and depreciation before interest, Current Asset Turnover Rate,0.005715641230036096
 Realized Sales Gross Profit Growth Rate, Fixed Assets Turnover Frequency,-0.005696535277773525
 Net Value Per Share (B), Inventory/Working Capital,-0.005684644694541438
 Working capitcal Turnover Rate, Net Income to Total Assets,0.005680065809079481
 After-tax Net Profit Growth Rate, Inventory and accounts receivable/Net value,-0.005673050757871078
 Non-industry income and expenditure/revenue, Liability-Assets Flag,-0.005652283418480103
 Realized Sales Gross Margin, Operating Profit Rate,0.005609530717036951
 Realized Sales Gross Profit Growth Rate, Cash/Total Assets,-0.005604875159812487
 After-tax net Interest Rate, Revenue Per Share (Yuan ¥),0.005594499201580728
 Regular Net Profit Growth Rate, Current Asset Turnover Rate,0.005590921852784167
 Net Value Per Share (A), Inventory/Working Capital,-0.0055885115941973745
 Net Value Per Share (C), Inventory/Working Capital,-0.0055796143233672515
 Contingent liabilities/Net worth, Liability-Assets Flag,-0.005567454947388561
 Pre-tax net Interest Rate, Inventory Turnover Rate (times),0.005560410760614991
Bankrupt?, No-credit Interval,-0.005546851800268697
 Tax rate (A), Allocation rate per person,0.005541754328777786
 Non-industry income and expenditure/revenue, Fixed Assets Turnover Frequency,-0.005540429092964041
 Realized Sales Gross Profit Growth Rate, Cash Flow to Equity,-0.005538874014101827
 Cash Reinvestment %, Interest Coverage Ratio (Interest expense to EBIT),0.005525060244884988
 Total Asset Growth Rate, Degree of Financial Leverage (DFL),0.005520432312627188
 Cash Flow to Liability, Liability-Assets Flag,-0.005519620747761785
Bankrupt?, Interest Coverage Ratio (Interest expense to EBIT),-0.0055092520715358615
 Interest Expense Ratio, Inventory and accounts receivable/Net value,0.005507454794438116
 Fixed Assets Turnover Frequency, Inventory/Working Capital,0.005493083059932615
 Cash Reinvestment %, Inventory/Working Capital,-0.0054822075573736535
 Cash Flow Per Share, Operating Profit Growth Rate,-0.005480808526066668
 After-tax Net Profit Growth Rate, Cash/Current Liability,-0.0054745079943902125
 ROA(A) before interest and % after tax, Interest Expense Ratio,0.0054397804056450574
 Regular Net Profit Growth Rate, Cash/Current Liability,-0.00542810885639032
 Operating Expense Rate, CFO to Assets,-0.005426454289174954
 Net profit before tax/Paid-in capital, Average Collection Days,0.005425441748578746
 Current Liabilities/Equity, Cash Flow to Sales,-0.005402511943438408
 Cash Flow to Sales, Current Liability to Equity,-0.005402511943438357
 Operating Profit Rate, Total expense/Assets,0.005401301729582882
 Continuous interest rate (after tax), Inventory/Current Liability,-0.00539859442626065
 Cash Reinvestment %, Allocation rate per person,-0.0053927773708748695
 After-tax Net Profit Growth Rate, Fixed Assets Turnover Frequency,-0.005390378087175671
 Current Asset Turnover Rate, Liability-Assets Flag,0.00538227738898741
 Average Collection Days, Working Capital/Equity,-0.00537952948147469
 After-tax Net Profit Growth Rate, Interest Coverage Ratio (Interest expense to EBIT),0.005373047631242432
 Current Ratio, Cash Flow to Liability,-0.00536981435830145
 Total income/Total expense, Equity to Long-term Liability,-0.005367670482040964
 Accounts Receivable Turnover, Cash Flow to Equity,0.005331181641263649
 Regular Net Profit Growth Rate, Interest Coverage Ratio (Interest expense to EBIT),0.005329250991872273
 Inventory and accounts receivable/Net value, Revenue per person,0.00526465580498253
 Inventory/Current Liability, Interest Coverage Ratio (Interest expense to EBIT),0.005260051258546741
 Operating Profit Rate, Fixed Assets Turnover Frequency,0.00523161532393491
 Contingent liabilities/Net worth, Allocation rate per person,0.005205885134260009
 Operating profit/Paid-in capital, Cash Flow to Sales,0.005205715637800722
 Interest-bearing debt interest rate, Quick Ratio,-0.005201270169939917
 Total Asset Return Growth Rate Ratio, Liability to Equity,-0.0051976667754426
 ROA(B) before interest and depreciation after tax, Interest Expense Ratio,0.005186590098547461
 Operating Profit Growth Rate, Cash Flow to Sales,-0.00517536606662594
 Average Collection Days, Net Worth Turnover Rate (times),0.005157117734096163
 Net Income to Stockholder's Equity, Interest Coverage Ratio (Interest expense to EBIT),0.005147314981964051
 Current Asset Turnover Rate, Fixed Assets to Assets,-0.005133980722192036
 Total Asset Return Growth Rate Ratio, Current Asset Turnover Rate,-0.005130463660754655
 Total expense/Assets, Interest Coverage Ratio (Interest expense to EBIT),-0.005122007445890718
 Operating Profit Per Share (Yuan ¥), Cash Flow to Sales,0.005120019136552194
 After-tax Net Profit Growth Rate, Long-term Liability to Current Assets,0.005114055931256722
 Inventory/Working Capital, Cash Flow to Total Assets,0.005108494406262364
 Current Asset Turnover Rate, Total assets to GNP price,-0.005084531514917586
 Inventory/Current Liability, Current Liability to Equity,0.005083005172357346
 Inventory/Current Liability, Current Liabilities/Equity,0.005083005172357346
 Working capitcal Turnover Rate, No-credit Interval,0.005063450895531048
 Quick Assets/Current Liability, Equity to Long-term Liability,-0.005046740190308177
 Current Liabilities/Equity, Interest Coverage Ratio (Interest expense to EBIT),0.0050379029131508305
 Current Liability to Equity, Interest Coverage Ratio (Interest expense to EBIT),0.0050379029131508305
 Current Asset Turnover Rate, Net Income to Total Assets,-0.005032156941148121
 Accounts Receivable Turnover, Operating Funds to Liability,-0.005031581639418073
 Pre-tax net Interest Rate, Total Asset Return Growth Rate Ratio,0.005004223522315255
 Interest Expense Ratio, Net Income to Total Assets,0.004969054904741873
 Working Capital to Total Assets, Long-term Liability to Current Assets,0.00495696054673531
 Operating Profit Rate, Operating Profit Growth Rate,0.004952375069431748
 Pre-tax net Interest Rate, Revenue Per Share (Yuan ¥),0.0049311269913540744
 Current Ratio, Fixed Assets Turnover Frequency,-0.0049305670984872855
 Fixed Assets Turnover Frequency, Fixed Assets to Assets,-0.004930566063630761
 Revenue per person, Cash Flow to Total Assets,-0.004928825798507144
 Current Ratio, Current Liability to Liability,0.004914907972312533
 Current Ratio, Current Liabilities/Liability,0.004914907972312533
 Regular Net Profit Growth Rate, Long-term Liability to Current Assets,0.004905352076750846
 Realized Sales Gross Profit Growth Rate, Borrowing dependency,-0.004898088833390101
 ROA(A) before interest and % after tax, Inventory/Current Liability,0.0048640341898782006
 Cash Reinvestment %, Total income/Total expense,0.004849334637094702
 Total Asset Turnover, Average Collection Days,0.004841232162027598
 Cash Turnover Rate, Fixed Assets to Assets,-0.004830349065416142
 Net Worth Turnover Rate (times), Working capitcal Turnover Rate,-0.0048051414791449665
 Continuous Net Profit Growth Rate, Working Capital to Total Assets,0.004795030818736489
 Contingent liabilities/Net worth, Cash Flow to Liability,-0.004789669897941958
 Fixed Assets Turnover Frequency, Liability-Assets Flag,0.004788693787265073
Bankrupt?, Accounts Receivable Turnover,-0.004753867439623139
 Long-term Liability to Current Assets, Total assets to GNP price,-0.004700602945106316
 Regular Net Profit Growth Rate, Fixed Assets Turnover Frequency,-0.004696529781735532
Bankrupt?, Revenue Per Share (Yuan ¥),-0.004692038197307254
 Operating Expense Rate, Quick Assets/Total Assets,-0.004686275101891605
 Contingent liabilities/Net worth, Current Liabilities/Liability,-0.004682578023133155
 Contingent liabilities/Net worth, Current Liability to Liability,-0.004682578023133155
 Operating Profit Rate, Cash Flow to Liability,0.004668979944885518
 Revenue per person, Cash Flow to Equity,-0.004660524588490481
 Quick Asset Turnover Rate, Liability-Assets Flag,0.004659022386316656
 Pre-tax net Interest Rate, Borrowing dependency,-0.004654382747171487
 Net Value Growth Rate, Total Asset Return Growth Rate Ratio,-0.0046527960221459845
 Operating profit per person, Fixed Assets to Assets,-0.004646326004605057
 Borrowing dependency, Allocation rate per person,-0.004640584429162323
 Continuous interest rate (after tax), Total assets to GNP price,-0.00462314908879747
 Borrowing dependency, Cash Turnover Rate,0.004607858857708762
 Quick Asset Turnover Rate, Working capitcal Turnover Rate,-0.004605034222324572
 Interest-bearing debt interest rate, Operating profit per person,-0.0045883255763739
 Operating Profit Growth Rate, Interest Coverage Ratio (Interest expense to EBIT),0.004575862373784522
 Revenue Per Share (Yuan ¥), Contingent liabilities/Net worth,0.00457282591489506
 Quick Assets/Current Liability, Long-term Liability to Current Assets,0.0045674956109217815
 Long-term Liability to Current Assets, Cash Flow to Liability,0.004563612911152147
 After-tax Net Profit Growth Rate, Contingent liabilities/Net worth,-0.0045582479064854246
 Long-term Liability to Current Assets, Total expense/Assets,0.004543439471991558
 Interest Expense Ratio, Current Liabilities/Equity,0.004542262354261735
 Interest Expense Ratio, Current Liability to Equity,0.004542262354261735
 Operating Profit Growth Rate, Net Value Growth Rate,-0.004534359690711643
 Inventory Turnover Rate (times), Working capitcal Turnover Rate,-0.004527935390011813
 Pre-tax net Interest Rate, Total expense/Assets,-0.004524937012314067
 Total Asset Growth Rate, Cash Flow to Sales,0.00452423740352732
 Total Asset Growth Rate, Working capitcal Turnover Rate,0.004510953175207064
 ROA(A) before interest and % after tax, Working capitcal Turnover Rate,0.004491113165957654
 Current Ratio, Contingent liabilities/Net worth,0.004485181230714782
 Continuous interest rate (after tax), Total expense/Assets,-0.004471894423315052
 Realized Sales Gross Profit Growth Rate, Current Liability to Equity,0.00445569354382119
 Realized Sales Gross Profit Growth Rate, Current Liabilities/Equity,0.00445569354382119
 Inventory/Current Liability, Equity to Liability,0.004447792603428975
 ROA(C) before interest and depreciation before interest, Inventory/Working Capital,-0.004446832299131608
 Per Share Net profit before tax (Yuan ¥), Average Collection Days,0.004424170477194756
 After-tax Net Profit Growth Rate, Working Capital/Equity,0.004410993328384587
 Borrowing dependency, Working capitcal Turnover Rate,-0.004406243468533888
 After-tax net Interest Rate, Borrowing dependency,-0.004394676774602551
 After-tax net Interest Rate, Liability to Equity,-0.004390087910824204
 Fixed Assets to Assets, Net Income to Total Assets,-0.004379524792398163
 After-tax net Interest Rate, Total Asset Return Growth Rate Ratio,0.004378860296474641
 Revenue Per Share (Yuan ¥), Retained Earnings to Total Assets,-0.0043661352743767316
 Interest-bearing debt interest rate, Interest Expense Ratio,-0.004359620646228363
 Non-industry income and expenditure/revenue, Current Ratio,0.004343525649605
 Long-term fund suitability ratio (A), Degree of Financial Leverage (DFL),-0.004318884415036745
 Allocation rate per person, Cash/Current Liability,0.0043142480714306345
 Total expense/Assets, No-credit Interval,-0.0043135006347450894
 Average Collection Days, CFO to Assets,0.004308409659655888
 Interest-bearing debt interest rate, Total Asset Return Growth Rate Ratio,0.004280554338244536
 Regular Net Profit Growth Rate, Contingent liabilities/Net worth,-0.004273727629547366
 Cash Reinvestment %, Current Ratio,-0.00426834573996425
 Realized Sales Gross Profit Growth Rate, Equity to Long-term Liability,-0.004257695909534519
 Persistent EPS in the Last Four Seasons, Quick Ratio,-0.004243931327269451
 Regular Net Profit Growth Rate, Working Capital/Equity,0.0042431735382271055
 Pre-tax net Interest Rate, Total assets to GNP price,-0.0042428383348719675
 After-tax net Interest Rate, Fixed Assets Turnover Frequency,0.004241490390023439
 Non-industry income and expenditure/revenue, Working Capital/Equity,0.004236284743198976
 Tax rate (A), Cash Flow to Sales,0.004227230549162156
 Working capitcal Turnover Rate, Cash Turnover Rate,-0.00421455587473628
 Average Collection Days, No-credit Interval,0.004209803934585706
 Operating Gross Margin, No-credit Interval,0.00420535257857288
 No-credit Interval, Gross Profit to Sales,0.004203493583003327
 Continuous interest rate (after tax), Total Asset Return Growth Rate Ratio,0.00420270949583378
 Non-industry income and expenditure/revenue, Operating Profit Growth Rate,-0.004199654536487123
 Total debt/Total net worth, Cash Flow to Sales,0.004189174254878662
 Borrowing dependency, No-credit Interval,-0.004183304342367916
 Realized Sales Gross Profit Growth Rate, Cash Flow to Total Assets,-0.004178200131588517
 Operating Profit Growth Rate, Total expense/Assets,-0.004172750384662078
 Interest Expense Ratio, Inventory/Working Capital,0.00415042475817185
 Operating Expense Rate, Liability-Assets Flag,-0.00411903220198333
 Cash Flow Per Share, Cash Flow to Sales,0.0041070178433195575
 Average Collection Days, Net Income to Stockholder's Equity,0.00409312696822422
 Quick Ratio, Cash Flow to Liability,-0.0040885878014425186
 Net Worth Turnover Rate (times), Cash Flow to Sales,0.004045403225178267
 Interest Expense Ratio, Cash Flow to Liability,-0.004043396362185981
 Pre-tax net Interest Rate, Liability to Equity,-0.004042698934462558
 Realized Sales Gross Margin, No-credit Interval,0.0040376721841214715
 Current Liability to Equity, No-credit Interval,-0.004031801726665142
 Current Liabilities/Equity, No-credit Interval,-0.004031801726665142
 Pre-tax net Interest Rate, Interest-bearing debt interest rate,0.004030735916517979
 Accounts Receivable Turnover, No-credit Interval,0.004029852391660105
 Total Asset Return Growth Rate Ratio, Contingent liabilities/Net worth,-0.004014133741047662
 Inventory/Current Liability, Net Income to Stockholder's Equity,0.004009030520933726
 Long-term fund suitability ratio (A), Long-term Liability to Current Assets,-0.00399237601380846
 ROA(C) before interest and depreciation before interest, Interest Expense Ratio,0.00398782641461494
 Interest-bearing debt interest rate, Total debt/Total net worth,-0.0039842913300765295
 Average Collection Days, Quick Asset Turnover Rate,0.003968685915529142
 Pre-tax net Interest Rate, Operating Profit Growth Rate,0.003909097156488282
 Long-term Liability to Current Assets, Interest Coverage Ratio (Interest expense to EBIT),0.003908464335298019
 Pre-tax net Interest Rate, Debt ratio %,-0.0039062948691071095
 Pre-tax net Interest Rate, Net worth/Assets,0.00390629486910697
 Interest-bearing debt interest rate, Revenue Per Share (Yuan ¥),-0.00390396770733123
 Cash flow rate, Continuous Net Profit Growth Rate,0.0039022211970720032
 Inventory/Working Capital, Inventory/Current Liability,-0.0038834710041052924
 Inventory/Current Liability, Working capitcal Turnover Rate,-0.0038797860940272956
 Non-industry income and expenditure/revenue, Contingent liabilities/Net worth,0.0038732828032639185
 ROA(B) before interest and depreciation after tax, Long-term fund suitability ratio (A),0.0038685563374049755
 Operating Expense Rate, Total Asset Return Growth Rate Ratio,-0.003863096745830736
 After-tax net Interest Rate, Interest-bearing debt interest rate,0.003824342863850563
Bankrupt?, Quick Assets/Current Liability,-0.003822780137532314
 Borrowing dependency, Average Collection Days,0.0037978373012063195
 Persistent EPS in the Last Four Seasons, No-credit Interval,0.003791492219546804
 After-tax net Interest Rate, Total assets to GNP price,-0.003785925209770529
 Current Asset Turnover Rate, Working capitcal Turnover Rate,-0.003782711112825346
 Cash Flow Per Share, Total debt/Total net worth,0.003779345993811835
 Total Asset Growth Rate, Operating profit per person,0.0037772777239074144
 Cash Turnover Rate, Interest Coverage Ratio (Interest expense to EBIT),-0.0037727129735840663
 CFO to Assets, Degree of Financial Leverage (DFL),-0.003771417708755554
 Cash Flow to Sales, Liability to Equity,-0.0037701139668340575
 Realized Sales Gross Profit Growth Rate, Quick Asset Turnover Rate,0.0037550921879331684
 Continuous Net Profit Growth Rate, Cash Reinvestment %,-0.003749652855330108
 Current Ratio, Liability to Equity,-0.0037411062624227776
 Cash flow rate, Operating Profit Growth Rate,0.0037313071896586643
 Continuous Net Profit Growth Rate, Fixed Assets Turnover Frequency,-0.003728578821815807
 Operating profit/Paid-in capital, Inventory/Working Capital,-0.0037274660064301624
 No-credit Interval, Liability to Equity,-0.0037239441897807734
 Operating Profit Per Share (Yuan ¥), Inventory/Working Capital,-0.0037231333895897073
 Cash Reinvestment %, Degree of Financial Leverage (DFL),0.0037168301105553947
 Quick Assets/Current Liability, Current Asset Turnover Rate,-0.0036905172893049788
 Total expense/Assets, Quick Asset Turnover Rate,-0.0036825318327324743
 Operating Profit Rate, Total Asset Return Growth Rate Ratio,0.0036772389372432663
 Research and development expense rate, Cash Flow to Sales,0.0036772111846108584
 Average Collection Days, Inventory/Current Liability,-0.0036755939180189616
 Allocation rate per person, Inventory/Current Liability,-0.003664971609115437
 Operating Profit Growth Rate, Operating Funds to Liability,0.003664450617018652
 After-tax Net Profit Growth Rate, Net Value Growth Rate,-0.0036604961570975664
 Revenue Per Share (Yuan ¥), Cash Flow to Equity,0.0036600752510862426
 Non-industry income and expenditure/revenue, Operating profit per person,-0.0036580385920908843
 Total expense/Assets, Working capitcal Turnover Rate,-0.003656206076920031
 Continuous interest rate (after tax), Interest-bearing debt interest rate,0.003653546570913437
 Regular Net Profit Growth Rate, Net Value Growth Rate,-0.003649268247571637
 After-tax Net Profit Growth Rate, Average Collection Days,0.0036417816086044847
 Average Collection Days, Long-term Liability to Current Assets,-0.003640824832930424
 Inventory/Current Liability, Net Income to Total Assets,0.0036392616243392626
 Current Ratio, Cash Turnover Rate,-0.003635102779387596
 Cash/Current Liability, Total assets to GNP price,-0.00360381388962499
 Interest Expense Ratio, Net Income to Stockholder's Equity,0.003603758395400179
 Cash Reinvestment %, Revenue per person,-0.0036010148988491523
 Non-industry income and expenditure/revenue, Operating Expense Rate,-0.0035965861160703683
 Long-term fund suitability ratio (A), Total assets to GNP price,-0.0035889619880211526
 Quick Ratio, Working Capital/Equity,0.003585175029378809
 Current Ratio, Current Liability to Equity,-0.0035815330108564217
 Current Ratio, Current Liabilities/Equity,-0.0035815330108564217
 Pre-tax net Interest Rate, Fixed Assets Turnover Frequency,0.0035813440128458197
 Cash Flow Per Share, Interest Expense Ratio,0.003575025808836094
 Long-term Liability to Current Assets, Cash Flow to Equity,-0.0035694249001223485
 Non-industry income and expenditure/revenue, Cash/Current Liability,-0.0035602197527299555
 Current Ratio, Operating Funds to Liability,0.003547177449246719
 Non-industry income and expenditure/revenue, Current Asset Turnover Rate,-0.0035452364473662116
 Fixed Assets to Assets, Cash Flow to Total Assets,-0.0035349317384327492
 Realized Sales Gross Margin, Fixed Assets to Assets,0.003523849788028721
 Operating Gross Margin, Fixed Assets to Assets,0.0035068763231074387
 Fixed Assets to Assets, Gross Profit to Sales,0.003506234987679817
 Revenue Per Share (Yuan ¥), Continuous Net Profit Growth Rate,-0.0035027603206348405
 Operating Profit Per Share (Yuan ¥), Current Liability to Assets,-0.003496135752805857
 Total Asset Return Growth Rate Ratio, Revenue per person,-0.0034925559621796646
 Non-industry income and expenditure/revenue, Operating Funds to Liability,-0.0034759293712602955
 Inventory and accounts receivable/Net value, Cash Flow to Sales,0.0034588518750654903
 Operating Profit Growth Rate, Working Capital/Equity,-0.0034570016194164477
 Continuous interest rate (after tax), Fixed Assets Turnover Frequency,0.003439283606343338
 Interest-bearing debt interest rate, Liability to Equity,-0.00342291112375378
 Cash/Current Liability, Interest Coverage Ratio (Interest expense to EBIT),0.0034220754435016847
 Current Asset Turnover Rate, Degree of Financial Leverage (DFL),-0.003414603635425225
 Current Ratio, Total income/Total expense,0.0034112201401764013
 Continuous Net Profit Growth Rate, Operating Funds to Liability,0.0034029101682898325
 Continuous Net Profit Growth Rate, Current Liability to Liability,0.003392452158408347
 Continuous Net Profit Growth Rate, Current Liabilities/Liability,0.003392452158408347
 Regular Net Profit Growth Rate, Long-term fund suitability ratio (A),0.0033900221076195256
 Long-term fund suitability ratio (A), No-credit Interval,0.003389194375192784
 Operating Profit Growth Rate, Cash Flow to Liability,0.003389163620222861
 Cash Turnover Rate, Cash Flow to Sales,0.0033846410963500506
 Total Asset Return Growth Rate Ratio, Operating Funds to Liability,-0.0033540967305659706
 Continuous Net Profit Growth Rate, Quick Assets/Total Assets,-0.003350543870561211
 Operating Profit Rate, Total assets to GNP price,-0.0033381071222575477
 Operating Expense Rate, Working capitcal Turnover Rate,-0.0033309284626316955
 Pre-tax net Interest Rate, Total income/Total expense,0.003322310881297489
 Cash Flow to Equity, Equity to Liability,0.003320851626668359
 Total expense/Assets, Equity to Long-term Liability,-0.0033178925682308125
 Cash Flow to Sales, No-credit Interval,0.0033142018706782683
 Interest-bearing debt interest rate, Realized Sales Gross Profit Growth Rate,-0.0032991027006358596
 Quick Ratio, Equity to Long-term Liability,-0.0032870355627486808
 Quick Ratio, Inventory/Current Liability,-0.0032828421714004136
 ROA(A) before interest and % after tax, Realized Sales Gross Profit Growth Rate,0.0032771375820884506
 Long-term Liability to Current Assets, Liability-Assets Flag,-0.0032551376805101434
 Quick Ratio, Long-term Liability to Current Assets,-0.0032517883012851876
 After-tax Net Profit Growth Rate, Long-term fund suitability ratio (A),0.003240043393099597
 Working Capital/Equity, Total income/Total expense,-0.003232879170146609
 Fixed Assets to Assets, Cash Flow to Equity,-0.003227682829061895
 Average Collection Days, Liability to Equity,0.0032211124593694105
 Realized Sales Gross Profit Growth Rate, Quick Ratio,0.0032200694739376035
 Operating profit per person, Interest Coverage Ratio (Interest expense to EBIT),0.003219858275396263
 Current Assets/Total Assets, Cash/Current Liability,0.0032091696759645495
 Operating Gross Margin, Quick Assets/Current Liability,-0.003205833737500769
 Quick Assets/Current Liability, Gross Profit to Sales,-0.0032051384211783814
 After-tax net Interest Rate, Current Liability to Equity,-0.003196383586412104
 After-tax net Interest Rate, Current Liabilities/Equity,-0.003196383586412104
 Realized Sales Gross Margin, Quick Assets/Current Liability,-0.0031862118278774337
 Operating profit/Paid-in capital, Average Collection Days,0.003184972296469263
 Net worth/Assets, Cash Flow to Equity,0.0031778359717625944
 Debt ratio %, Cash Flow to Equity,-0.003177835971761277
 Interest Expense Ratio, Revenue per person,-0.003175448182399398
 Interest-bearing debt interest rate, No-credit Interval,0.0031752705756238372
 Pre-tax net Interest Rate, Current Ratio,0.003164437761821767
 Pre-tax net Interest Rate, Liability-Assets Flag,-0.003163137225426744
 Inventory/Working Capital, Current Liability to Equity,0.0031569955289022732
 Inventory/Working Capital, Current Liabilities/Equity,0.0031569955289022732
 Borrowing dependency, Inventory/Working Capital,0.0031506023664881924
 Quick Ratio, Interest Expense Ratio,0.003143228219186874
 Working Capital/Equity, Total assets to GNP price,-0.003121372939228287
 Net Value Per Share (B), Fixed Assets to Assets,-0.0031115704844916253
 Net Value Per Share (C), Fixed Assets to Assets,-0.0031074371415367777
 Average Collection Days, Cash Flow to Liability,-0.003104985405935184
 Net Value Per Share (A), Fixed Assets to Assets,-0.0030938715186302167
 Continuous interest rate (after tax), Total income/Total expense,0.00309387095752302
 Continuous interest rate (after tax), Equity to Long-term Liability,-0.0030929373536953924
 Operating Expense Rate, Cash Flow to Sales,0.0030815522909581157
 Current Liability to Liability, CFO to Assets,-0.003066982958796062
 Current Liabilities/Liability, CFO to Assets,-0.003066982958796062
 Realized Sales Gross Profit Growth Rate, Net Income to Total Assets,0.003063890131913091
 Cash Reinvestment %, Working capitcal Turnover Rate,0.003030854893344825
 Operating Expense Rate, Cash Reinvestment %,-0.003016153201418418
 Pre-tax net Interest Rate, Continuous Net Profit Growth Rate,0.0030128650386603943
 Continuous interest rate (after tax), Liability to Equity,-0.002996232808237423
 Current Assets/Total Assets, Operating Funds to Liability,0.002994183460544171
 Cash Flow to Total Assets, Degree of Financial Leverage (DFL),-0.0029906792630532684
 Continuous Net Profit Growth Rate, Accounts Receivable Turnover,-0.002989101422040742
 After-tax net Interest Rate, Total income/Total expense,0.0029853386668153054
 ROA(C) before interest and depreciation before interest, Long-term fund suitability ratio (A),0.0029673790751852318
 After-tax net Interest Rate, Operating Profit Growth Rate,0.0029624045525750795
 Interest Expense Ratio, Allocation rate per person,-0.002949512203072179
 Inventory/Working Capital, Current Liability to Current Assets,0.0029464416865997325
 Equity to Long-term Liability, Degree of Financial Leverage (DFL),0.0029361060156788753
 Fixed Assets to Assets, Equity to Long-term Liability,-0.0029219380277529885
 Tax rate (A), Working capitcal Turnover Rate,-0.002914622167867245
 Net Value Per Share (B), Quick Ratio,-0.00290898600528734
 Research and development expense rate, Working capitcal Turnover Rate,-0.002908666568249176
 Current Ratio, Cash Flow to Equity,-0.002906680223151448
 Quick Ratio, Working capitcal Turnover Rate,0.002905393473489272
Bankrupt?, Working capitcal Turnover Rate,-0.0028944717453846945
 Operating profit/Paid-in capital, Current Liability to Assets,-0.002893851943017928
 Continuous interest rate (after tax), Current Ratio,0.0028872642537255203
 Continuous interest rate (after tax), Borrowing dependency,-0.0028870999409879162
 Cash/Current Liability, Current Asset Turnover Rate,-0.0028856163681206582
 Net Value Per Share (A), Quick Ratio,-0.0028736808045493134
 Interest Expense Ratio, Working Capital/Equity,-0.0028599297399325365
 Total debt/Total net worth, Quick Assets/Total Assets,-0.002856169369354454
 Non-industry income and expenditure/revenue, Continuous Net Profit Growth Rate,0.0028549404899503358
Bankrupt?, Allocation rate per person,0.002828802130489215
 Interest-bearing debt interest rate, Inventory/Working Capital,-0.002819505891375273
 Realized Sales Gross Profit Growth Rate, Current Liability to Current Assets,-0.002813114928693097
 Allocation rate per person, Cash Flow to Total Assets,-0.0028072797959125175
 After-tax net Interest Rate, Current Liability to Assets,-0.0028047276726433433
 After-tax net Interest Rate, Total expense/Assets,-0.002802675725057342
 Operating Profit Per Share (Yuan ¥), Average Collection Days,0.0027935448810409874
 Interest-bearing debt interest rate, Contingent liabilities/Net worth,-0.0027917734901537856
 Operating Profit Rate, Interest-bearing debt interest rate,0.0027837849846205067
 Cash flow rate, Total Asset Return Growth Rate Ratio,-0.0027791015734079743
 Quick Asset Turnover Rate, Cash Flow to Sales,0.00276311268752427
 After-tax net Interest Rate, Liability-Assets Flag,-0.002745558580314333
 Average Collection Days, Equity to Liability,0.0027440201079251465
 Cash Flow Per Share, No-credit Interval,0.0027208293441863224
 Operating Profit Growth Rate, CFO to Assets,0.002719246037920003
 Operating Profit Growth Rate, Contingent liabilities/Net worth,-0.0027082161693295615
 Realized Sales Gross Profit Growth Rate, Total assets to GNP price,0.0026921077255516773
 Continuous interest rate (after tax), Current Liabilities/Equity,-0.002689454218591888
 Continuous interest rate (after tax), Current Liability to Equity,-0.002689454218591888
 After-tax net Interest Rate, Current Ratio,0.0026845184293850595
Bankrupt?, Interest Expense Ratio,-0.0026809338159971465
 Long-term Liability to Current Assets, Cash Flow to Total Assets,-0.002679235053584617
 Realized Sales Gross Profit Growth Rate, Net profit before tax/Paid-in capital,-0.002673927616213559
 Revenue per person, Interest Coverage Ratio (Interest expense to EBIT),-0.002666633920503881
 Cash/Total Assets, Long-term Liability to Current Assets,-0.002666367113468347
 Cash Flow to Sales, Net Income to Stockholder's Equity,0.002660659401894669
 Continuous interest rate (after tax), Operating Profit Growth Rate,0.0026432940457171913
 Per Share Net profit before tax (Yuan ¥), Inventory/Working Capital,-0.0026416106869180896
 Inventory/Current Liability, Total assets to GNP price,0.002637257810900162
 Regular Net Profit Growth Rate, Average Collection Days,-0.0026230682837918027
 Interest Expense Ratio, Total Asset Turnover,-0.002619086740249491
 Net profit before tax/Paid-in capital, Inventory/Working Capital,-0.002615430936810809
 ROA(B) before interest and depreciation after tax, Current Asset Turnover Rate,-0.0026114633598964404
 After-tax Net Profit Growth Rate, Total income/Total expense,0.002599568673312216
 Regular Net Profit Growth Rate, Total income/Total expense,0.00259938892395387
 Inventory/Working Capital, Cash Turnover Rate,0.0025889949514192848
 Interest-bearing debt interest rate, Revenue per person,-0.002586287448465609
 After-tax net Interest Rate, Continuous Net Profit Growth Rate,0.0025654533332789262
 Total debt/Total net worth, No-credit Interval,0.0025556256732918964
 Inventory/Current Liability, No-credit Interval,-0.0025525460980492303
 Current Ratio, Borrowing dependency,-0.002541783325677585
 Total Asset Growth Rate, Quick Assets/Current Liability,-0.00252828229110142
 Operating Profit Per Share (Yuan ¥), Realized Sales Gross Profit Growth Rate,-0.0025270641533217605
 Current Assets/Total Assets, No-credit Interval,-0.0025204819304421367
 Realized Sales Gross Profit Growth Rate, Operating profit/Paid-in capital,-0.0025166761013907194
 Total debt/Total net worth, Inventory/Current Liability,-0.002514731802912949
 Realized Sales Gross Margin, Interest Expense Ratio,-0.002509116851780129
 Cash/Current Liability, Liability-Assets Flag,-0.002495618229736356
 Total debt/Total net worth, Long-term Liability to Current Assets,-0.002490943849895661
 Current Ratio, Net Income to Stockholder's Equity,0.0024889535262162866
 ROA(B) before interest and depreciation after tax, Working capitcal Turnover Rate,0.0024876734398877453
 Total Asset Return Growth Rate Ratio, Cash/Current Liability,-0.0024800682742173894
 Average Collection Days, Cash Flow to Total Assets,-0.0024797838462534937
 Net Value Per Share (C), Average Collection Days,-0.002454917320342369
 Total Asset Return Growth Rate Ratio, Equity to Liability,-0.0024543123736475957
 Net Value Per Share (B), Average Collection Days,-0.0024480243094883365
 Contingent liabilities/Net worth, Total assets to GNP price,-0.002446338410095297
 Revenue Per Share (Yuan ¥), Long-term Liability to Current Assets,-0.002440726218355841
 Inventory/Working Capital, Liability-Assets Flag,-0.002435227752301481
 Current Ratio, Equity to Long-term Liability,-0.002434256174027728
 Cash/Current Liability, Inventory/Working Capital,0.0024229433830506575
 Operating Profit Growth Rate, Cash/Current Liability,-0.0024187724145446413
 Net Value Per Share (A), Average Collection Days,-0.002410519240019932
 Working capitcal Turnover Rate, Net Income to Stockholder's Equity,0.0024055692466924006
 Cash Flow to Liability, Degree of Financial Leverage (DFL),-0.0024004356839430843
 Realized Sales Gross Profit Growth Rate, Cash Flow to Liability,0.00239336945886054
 Quick Ratio, Net Income to Stockholder's Equity,-0.002374121508315794
 Operating Gross Margin, Interest Expense Ratio,-0.002365689829342478
 Interest Expense Ratio, Gross Profit to Sales,-0.0023652498391623076
 Net Value Per Share (A), Interest Coverage Ratio (Interest expense to EBIT),-0.0023579654411292118
 Net Value Per Share (C), Interest Coverage Ratio (Interest expense to EBIT),-0.0023278955275026713
 Long-term fund suitability ratio (A), Revenue per person,-0.002325515782931438
 Realized Sales Gross Profit Growth Rate, Equity to Liability,-0.0023021188751198144
 Inventory/Working Capital, Degree of Financial Leverage (DFL),0.002293765263164991
 Allocation rate per person, Liability to Equity,0.0022859308789523313
 Inventory/Current Liability, Cash Flow to Sales,-0.002274442783366052
 Non-industry income and expenditure/revenue, Tax rate (A),-0.0022698243595405754
 Cash flow rate, Current Ratio,0.0022568282594843357
 Interest-bearing debt interest rate, Long-term fund suitability ratio (A),0.0022451154593281517
 Current Ratio, Current Asset Turnover Rate,-0.002240401927034822
 Total Asset Return Growth Rate Ratio, Long-term fund suitability ratio (A),0.002237357004796789
 Revenue Per Share (Yuan ¥), CFO to Assets,-0.0022264228659974556
 Pre-tax net Interest Rate, Contingent liabilities/Net worth,0.0022215426998131948
Bankrupt?, Current Ratio,-0.002211280245989384
 Pre-tax net Interest Rate, Current Liabilities/Equity,-0.0022020218721483338
 Pre-tax net Interest Rate, Current Liability to Equity,-0.0022020218721483338
 Pre-tax net Interest Rate, Average Collection Days,0.0021983152973996194
 Realized Sales Gross Profit Growth Rate, Operating Profit Growth Rate,0.002192331639420381
 Persistent EPS in the Last Four Seasons, Working capitcal Turnover Rate,0.00219214228505079
 Persistent EPS in the Last Four Seasons, Realized Sales Gross Profit Growth Rate,-0.0021779156909083395
 Total income/Total expense, Quick Asset Turnover Rate,-0.002177719928455677
 Net Value Per Share (B), Interest Coverage Ratio (Interest expense to EBIT),-0.002174956267504861
 Fixed Assets to Assets, Interest Coverage Ratio (Interest expense to EBIT),-0.0021687554251438356
 Continuous interest rate (after tax), Average Collection Days,0.0021682909749642077
 Continuous interest rate (after tax), Contingent liabilities/Net worth,0.0021658301345612325
 Long-term Liability to Current Assets, Degree of Financial Leverage (DFL),-0.002159916504597759
 Allocation rate per person, Net Income to Total Assets,-0.0021534188277845647
 ROA(B) before interest and depreciation after tax, Realized Sales Gross Profit Growth Rate,0.002142249221888665
 Realized Sales Gross Profit Growth Rate, Liability-Assets Flag,0.002141606628840909
 Revenue Per Share (Yuan ¥), Liability to Equity,-0.0021319510472650066
 Inventory and accounts receivable/Net value, Working Capital to Total Assets,-0.002127773152866054
 Liability to Equity, Degree of Financial Leverage (DFL),0.0021185280835295714
 After-tax net Interest Rate, Contingent liabilities/Net worth,0.0021173979928714426
 Accounts Receivable Turnover, Degree of Financial Leverage (DFL),-0.002111124528171455
 After-tax Net Profit Growth Rate, No-credit Interval,0.002108431622871609
 Continuous Net Profit Growth Rate, No-credit Interval,0.0021078946457320624
 Retained Earnings to Total Assets, Current Asset Turnover Rate,0.0021069616406568527
 Operating Profit Growth Rate, Inventory Turnover Rate (times),0.0020953374110919093
 Net Value Growth Rate, Cash Turnover Rate,-0.0020805447636094597
 Continuous Net Profit Growth Rate, Current Asset Turnover Rate,-0.0020728636767632733
 Net worth/Assets, Inventory/Working Capital,-0.002063728498017082
 Debt ratio %, Inventory/Working Capital,0.002063728498016589
 Working Capital/Equity, Interest Coverage Ratio (Interest expense to EBIT),-0.002062819201524605
 Pre-tax net Interest Rate, Long-term Liability to Current Assets,0.0020620492832807385
 After-tax net Interest Rate, Long-term Liability to Current Assets,0.002061352044048363
 Continuous Net Profit Growth Rate, Liability-Assets Flag,-0.00205943751896671
 Interest Expense Ratio, Cash Turnover Rate,0.0020483637425315914
 Operating Profit Rate, Total income/Total expense,0.002046878602106246
 After-tax net Interest Rate, Average Collection Days,0.0020316997088002547
 After-tax Net Profit Growth Rate, Degree of Financial Leverage (DFL),0.002030322792751159
 Retained Earnings to Total Assets, Fixed Assets to Assets,-0.002027297931211283
 Regular Net Profit Growth Rate, No-credit Interval,0.002026311447648608
 Inventory and accounts receivable/Net value, Inventory Turnover Rate (times),0.002018525813579529
 Regular Net Profit Growth Rate, Degree of Financial Leverage (DFL),0.0020141054923838568
 Net Value Per Share (C), Quick Ratio,-0.002012690852393758
 Operating Profit Growth Rate, Borrowing dependency,0.002008655928899454
 Quick Assets/Current Liability, Inventory/Current Liability,-0.002007541779373887
 Total income/Total expense, Cash Flow to Total Assets,0.002000317138609757
 After-tax Net Profit Growth Rate, Inventory/Working Capital,0.001995575631374709
 Non-industry income and expenditure/revenue, Average Collection Days,0.001987081795848948
 Working Capital/Equity, Long-term Liability to Current Assets,0.001968645249415724
 Operating Profit Rate, Long-term Liability to Current Assets,0.0019666795814696396
 Revenue Per Share (Yuan ¥), Total Asset Return Growth Rate Ratio,-0.0019652168573504078
 Pre-tax net Interest Rate, Total debt/Total net worth,-0.0019643608956275743
 Realized Sales Gross Profit Growth Rate, Operating profit per person,0.0019619453689543207
 Inventory/Working Capital, Equity to Long-term Liability,-0.001959650656309834
 Operating Expense Rate, Total income/Total expense,-0.001955057864509808
 Realized Sales Gross Profit Growth Rate, Net Income to Stockholder's Equity,0.0019517431204320028
 Contingent liabilities/Net worth, Current Asset Turnover Rate,0.0019406255455026158
 Net Value Growth Rate, Cash Flow to Liability,-0.0019365275090870103
 Revenue per person, Cash Flow to Liability,-0.0019218874643284465
 Continuous Net Profit Growth Rate, Net Worth Turnover Rate (times),-0.0019163000162562356
 Net Value Growth Rate, Long-term fund suitability ratio (A),-0.0019143860882405287
 Total debt/Total net worth, Cash/Current Liability,-0.0019097332976164164
 Pre-tax net Interest Rate, Long-term fund suitability ratio (A),-0.0019067957615362169
Bankrupt?, Inventory/Working Capital,-0.0019063428746019526
 Average Collection Days, Total assets to GNP price,-0.0018971153359082324
 Allocation rate per person, Total assets to GNP price,-0.0018916327590414294
 Continuous interest rate (after tax), Long-term Liability to Current Assets,0.0018821488735113762
 Total assets to GNP price, Degree of Financial Leverage (DFL),-0.0018806800841089813
 Revenue Per Share (Yuan ¥), Cash/Current Liability,-0.0018712329469057582
 Quick Ratio, Interest Coverage Ratio (Interest expense to EBIT),0.001866718758993399
 Operating Profit Rate, Current Liabilities/Equity,0.0018596587395818133
 Operating Profit Rate, Current Liability to Equity,0.0018596587395818133
 Accounts Receivable Turnover, Long-term Liability to Current Assets,-0.0018594813878746617
 Allocation rate per person, Degree of Financial Leverage (DFL),-0.0018587710491393683
 Interest Expense Ratio, Quick Assets/Current Liability,0.0018583168160552451
 Continuous interest rate (after tax), Continuous Net Profit Growth Rate,0.0018423461901582333
 Interest-bearing debt interest rate, Fixed Assets to Assets,-0.0018398756903927301
 Interest-bearing debt interest rate, Current Ratio,-0.0018398755891017666
 Current Asset Turnover Rate, Cash Flow to Sales,0.0018363729944452642
 Cash Flow to Liability, Interest Coverage Ratio (Interest expense to EBIT),0.0018355974035956344
 Cash/Current Liability, Long-term Liability to Current Assets,-0.001828318524834275
 Net profit before tax/Paid-in capital, Working capitcal Turnover Rate,0.0018245475069624529
 ROA(C) before interest and depreciation before interest, Working capitcal Turnover Rate,0.0018241953300610985
 Total Asset Return Growth Rate Ratio, Inventory/Current Liability,0.0018238548299047519
 Total income/Total expense, Cash Turnover Rate,0.0018121404372805935
 Non-industry income and expenditure/revenue, Long-term fund suitability ratio (A),-0.0018092871209458429
 Realized Sales Gross Profit Growth Rate, Cash/Current Liability,-0.0017987722059044156
 Quick Ratio, Fixed Assets Turnover Frequency,0.0017973645636252262
 Long-term fund suitability ratio (A), Liability to Equity,0.0017911493453420222
 Inventory/Working Capital, Liability to Equity,0.0017881433877277642
 Revenue Per Share (Yuan ¥), Working Capital/Equity,0.001783138849531328
 Interest-bearing debt interest rate, Operating Profit Growth Rate,0.0017828318804997535
 Realized Sales Gross Profit Growth Rate, Long-term Liability to Current Assets,-0.0017826891722711395
 Regular Net Profit Growth Rate, Inventory/Working Capital,0.0017764198160414937
 Borrowing dependency, Interest Coverage Ratio (Interest expense to EBIT),0.0017761388893950069
 Accounts Receivable Turnover, Average Collection Days,-0.0017620240079663217
 Accounts Receivable Turnover, Allocation rate per person,-0.0017569318543799825
 Allocation rate per person, Long-term Liability to Current Assets,0.0017539899396418188
 Operating Profit Rate, Inventory/Current Liability,-0.0017483140911239564
 Long-term fund suitability ratio (A), Quick Assets/Current Liability,-0.0017395681777248309
 Working capitcal Turnover Rate, CFO to Assets,0.0017337549295473752
 Operating Expense Rate, Long-term Liability to Current Assets,0.0017292745807333753
 Interest-bearing debt interest rate, Borrowing dependency,-0.001728733188257044
 Operating Profit Growth Rate, Equity to Liability,0.0017247493146279043
 Total Asset Growth Rate, Interest Coverage Ratio (Interest expense to EBIT),0.0017229530333026856
 Liability-Assets Flag, Degree of Financial Leverage (DFL),-0.0017172892481734123
 Accounts Receivable Turnover, Fixed Assets Turnover Frequency,-0.0017087821550519683
 Non-industry income and expenditure/revenue, Total income/Total expense,0.0017014899286904007
 Quick Ratio, Total assets to GNP price,-0.0016944010577559425
 Interest Expense Ratio, Average Collection Days,0.0016908791580499064
 Realized Sales Gross Profit Growth Rate, Liability to Equity,0.0016873305742036123
 Total income/Total expense, Total assets to GNP price,-0.0016871519182240018
 Fixed Assets to Assets, Current Liability to Current Assets,0.0016855800696727427
 Interest Expense Ratio, Operating Funds to Liability,-0.0016801543897821804
 Inventory/Working Capital, Fixed Assets to Assets,0.0016582421014411874
 Operating Profit Growth Rate, Long-term fund suitability ratio (A),0.0016544362622089562
 Long-term fund suitability ratio (A), Quick Asset Turnover Rate,-0.0016522974990787745
 Current Liability to Assets, Inventory/Working Capital,0.0016470715625976067
 Fixed Assets Turnover Frequency, Cash Flow to Sales,0.0016441839445822646
 Total Asset Return Growth Rate Ratio, Interest Expense Ratio,0.0016434891101245327
 Total Asset Return Growth Rate Ratio, Working capitcal Turnover Rate,-0.0016426150038855438
 Total income/Total expense, Liability-Assets Flag,-0.0016360853964422514
 Cash/Current Liability, Degree of Financial Leverage (DFL),0.0016357413809007803
 Inventory/Working Capital, Retained Earnings to Total Assets,-0.0016356857195992287
 Pre-tax net Interest Rate, Current Liability to Assets,0.0016319312374849667
 Pre-tax net Interest Rate, Interest Expense Ratio,0.0016300020265028884
 Cash/Current Liability, Total income/Total expense,-0.0016254963333232017
 Quick Assets/Current Liability, Inventory/Working Capital,0.001623979916478354
 Continuous Net Profit Growth Rate, Cash/Total Assets,-0.0016194925693529918
 Revenue per person, Long-term Liability to Current Assets,-0.0016169241233918515
 ROA(B) before interest and depreciation after tax, Inventory/Working Capital,-0.001615577322184272
 After-tax net Interest Rate, Interest Expense Ratio,0.001612391613250772
 Non-industry income and expenditure/revenue, Operating Profit Per Share (Yuan ¥),-0.001600809089496487
 Net Value Growth Rate, Contingent liabilities/Net worth,-0.0015837159618799247
 Continuous Net Profit Growth Rate, Contingent liabilities/Net worth,-0.001580387781205514
 Accounts Receivable Turnover, Liability-Assets Flag,-0.0015753657857483158
 Quick Ratio, Accounts Receivable Turnover,-0.0015737448066971058
 Total Asset Return Growth Rate Ratio, Allocation rate per person,-0.001571497735544413
 Operating Profit Growth Rate, Inventory/Current Liability,0.001563566202150487
 Non-industry income and expenditure/revenue, Quick Assets/Total Assets,-0.001556775965363059
 Cash flow rate, Allocation rate per person,-0.001554399416623952
 Allocation rate per person, Cash/Total Assets,0.0015493811792803606
 Operating Profit Growth Rate, Long-term Liability to Current Assets,0.0015463744673752985
 Operating Profit Rate, Liability to Equity,0.0015411865394585691
 Allocation rate per person, Retained Earnings to Total Assets,0.0015380393220062218
 Contingent liabilities/Net worth, No-credit Interval,0.0015314574589648806
 Interest Expense Ratio, Liability-Assets Flag,-0.0015300708312234342
 Quick Assets/Current Liability, Cash/Current Liability,-0.0015245639314079937
 Continuous Net Profit Growth Rate, Inventory/Current Liability,-0.0015189675468072936
 Contingent liabilities/Net worth, Long-term Liability to Current Assets,-0.0015120676693199686
 Tax rate (A), Realized Sales Gross Profit Growth Rate,0.0015069635459243028
 Operating Profit Rate, Total debt/Total net worth,-0.0015065415077185106
 Non-industry income and expenditure/revenue, Net Value Growth Rate,-0.0015048711441225206
 Quick Assets/Current Liability, Cash Turnover Rate,0.0015032309406184054
 Total Asset Return Growth Rate Ratio, Interest Coverage Ratio (Interest expense to EBIT),0.001498215138158973
 Liability to Equity, Interest Coverage Ratio (Interest expense to EBIT),0.0014868810458696891
 Realized Sales Gross Profit Growth Rate, Contingent liabilities/Net worth,-0.0014835068898745012
 Total Asset Return Growth Rate Ratio, Average Collection Days,-0.0014815057893671686
 Net Worth Turnover Rate (times), Retained Earnings to Total Assets,0.001481267605701506
 Continuous interest rate (after tax), Interest Expense Ratio,0.0014787552348313755
 Non-industry income and expenditure/revenue, Operating profit/Paid-in capital,-0.0014727417610757353
 Cash Flow to Equity, Degree of Financial Leverage (DFL),-0.001470698113111087
 Equity to Long-term Liability, No-credit Interval,-0.0014387650633219215
 Realized Sales Gross Margin, Quick Ratio,0.001417989677530493
 Cash Flow Per Share, After-tax Net Profit Growth Rate,0.0014119710411789055
 Total Asset Return Growth Rate Ratio, Long-term Liability to Current Assets,0.0014101217096790094
 Total Asset Return Growth Rate Ratio, Current Liability to Equity,-0.0014066931003563728
 Total Asset Return Growth Rate Ratio, Current Liabilities/Equity,-0.0014066931003563728
 Working Capital to Total Assets, Fixed Assets to Assets,0.001406380970120379
 Pre-tax net Interest Rate, Cash/Current Liability,-0.001403790952331623
 Operating Profit Growth Rate, Average Collection Days,-0.0013951634494959657
 Quick Assets/Current Liability, Cash Flow to Liability,-0.0013933816428293058
 Per Share Net profit before tax (Yuan ¥), Working capitcal Turnover Rate,0.001387685397132375
 Long-term fund suitability ratio (A), Contingent liabilities/Net worth,0.0013853069323516555
 Regular Net Profit Growth Rate, Equity to Liability,0.0013825006547760104
 Quick Ratio, Gross Profit to Sales,0.0013808767845762957
 Operating Gross Margin, Quick Ratio,0.001378958064863537
 After-tax net Interest Rate, Total debt/Total net worth,-0.001378859644848843
 Fixed Assets to Assets, Cash Flow to Liability,-0.0013776409516436737
Bankrupt?, Inventory Turnover Rate (times),-0.0013758447622994182
 Research and development expense rate, Inventory Turnover Rate (times),0.0013659221664113436
 Cash Flow Per Share, Interest Coverage Ratio (Interest expense to EBIT),0.0013577002045022186
 Interest Expense Ratio, Net profit before tax/Paid-in capital,-0.0013464650477931182
 Average Collection Days, Degree of Financial Leverage (DFL),-0.0013423664943270986
 Non-industry income and expenditure/revenue, Interest-bearing debt interest rate,0.001331997128152019
 Continuous Net Profit Growth Rate, Working Capital/Equity,0.0013271599456927952
 Interest Expense Ratio, Inventory/Current Liability,-0.001318178750633195
 Operating Profit Rate, Continuous Net Profit Growth Rate,0.0013181404192548914
 Net Value Growth Rate, Inventory/Current Liability,-0.0013156134971484927
 Average Collection Days, Liability-Assets Flag,-0.001313740320257461
 Allocation rate per person, Liability-Assets Flag,-0.0013099436680275543
 Quick Ratio, Allocation rate per person,-0.0013085957808149323
 Interest Expense Ratio, Accounts Receivable Turnover,-0.0013065146090311464
 Net Value Growth Rate, Long-term Liability to Current Assets,-0.0013031685180298208
 Long-term Liability to Current Assets, No-credit Interval,0.0013006709370084301
 Total debt/Total net worth, Total assets to GNP price,-0.001297949773272642
 Realized Sales Gross Profit Growth Rate, Inventory/Current Liability,-0.0012898220742153924
 Realized Sales Gross Margin, Fixed Assets Turnover Frequency,0.0012886104042171105
 Quick Assets/Current Liability, Quick Asset Turnover Rate,-0.0012837620225258767
 Working capitcal Turnover Rate, Equity to Long-term Liability,-0.0012767792562592807
 Inventory/Current Liability, Total income/Total expense,-0.001273976575044669
 Revenue Per Share (Yuan ¥), Total assets to GNP price,-0.0012717829916442853
 Total debt/Total net worth, Contingent liabilities/Net worth,-0.0012688115044843908
 Inventory/Working Capital, Quick Asset Turnover Rate,-0.0012687809881327821
 Operating Funds to Liability, Interest Coverage Ratio (Interest expense to EBIT),-0.001268110222646831
 Quick Asset Turnover Rate, Degree of Financial Leverage (DFL),0.0012641025479115597
 Operating Profit Per Share (Yuan ¥), Quick Asset Turnover Rate,-0.0012626425832706237
 Continuous Net Profit Growth Rate, CFO to Assets,-0.001262458483103332
 Cash flow rate, Interest Coverage Ratio (Interest expense to EBIT),0.0012617200295213084
 Total debt/Total net worth, Degree of Financial Leverage (DFL),-0.0012615196977997412
 After-tax Net Profit Growth Rate, Equity to Liability,0.0012532786741842707
 Realized Sales Gross Profit Growth Rate, Long-term fund suitability ratio (A),0.0012476328557921939
 Operating Profit Growth Rate, Degree of Financial Leverage (DFL),0.0012472102517649282
 Pre-tax net Interest Rate, Realized Sales Gross Profit Growth Rate,0.0012460442751184302
 Fixed Assets Turnover Frequency, Gross Profit to Sales,0.0012397825058748427
 Revenue per person, Cash/Current Liability,-0.0012396481005034466
 Operating Gross Margin, Fixed Assets Turnover Frequency,0.0012388135550505809
 Continuous interest rate (after tax), Liability-Assets Flag,-0.00123283393433156
 Working capitcal Turnover Rate, Liability-Assets Flag,-0.001229309071387483
 After-tax net Interest Rate, Long-term fund suitability ratio (A),-0.0012274472528098581
 After-tax net Interest Rate, Realized Sales Gross Profit Growth Rate,0.0012259791775787745
 Quick Ratio, Contingent liabilities/Net worth,-0.001224108677469674
 Working capitcal Turnover Rate, Fixed Assets to Assets,0.0012180603798239691
 Continuous interest rate (after tax), Realized Sales Gross Profit Growth Rate,0.0012074716330620124
 Current Ratio, CFO to Assets,0.0011949222270103389
 Continuous interest rate (after tax), Debt ratio %,-0.0011921298554663491
 Continuous interest rate (after tax), Net worth/Assets,0.0011921298554661878
 Inventory Turnover Rate (times), Degree of Financial Leverage (DFL),0.0011894118083146871
 After-tax Net Profit Growth Rate, Total assets to GNP price,0.0011851323257865908
 Revenue Per Share (Yuan ¥), Borrowing dependency,0.0011809757764638387
 Quick Ratio, Liability-Assets Flag,-0.001173361972181166
 Gross Profit to Sales, Interest Coverage Ratio (Interest expense to EBIT),-0.001168780170563664
 Operating Profit Per Share (Yuan ¥), No-credit Interval,0.0011687212059218852
 Operating Gross Margin, Interest Coverage Ratio (Interest expense to EBIT),-0.0011666711839534878
 Regular Net Profit Growth Rate, Total assets to GNP price,0.0011664012908772726
 Inventory/Current Liability, Fixed Assets to Assets,-0.001161258896595565
 Current Ratio, Inventory/Current Liability,-0.0011612588880962357
 Realized Sales Gross Margin, Interest Coverage Ratio (Interest expense to EBIT),-0.0011581452031692483
 Operating Profit Rate, Interest Expense Ratio,0.0011560325180873304
 Total income/Total expense, Degree of Financial Leverage (DFL),-0.0011559495628802197
 Long-term Liability to Current Assets, Fixed Assets to Assets,-0.0011502740567703189
 Current Ratio, Long-term Liability to Current Assets,-0.001150274020186482
 Continuous Net Profit Growth Rate, Cash/Current Liability,-0.0011461069258127253
 Continuous Net Profit Growth Rate, Interest Expense Ratio,0.0011448728142757268
 Contingent liabilities/Net worth, Inventory/Working Capital,-0.0011423171073351138
 Revenue Per Share (Yuan ¥), Degree of Financial Leverage (DFL),-0.0011397853291945158
 Total Asset Growth Rate, Contingent liabilities/Net worth,-0.0011363597126978152
 Inventory/Working Capital, Cash Flow to Liability,-0.0011312523546754463
 Long-term Liability to Current Assets, Retained Earnings to Total Assets,-0.0011146123035740247
 Non-industry income and expenditure/revenue, Total Asset Return Growth Rate Ratio,0.001114524738538162
 Continuous interest rate (after tax), Cash/Current Liability,-0.0011118507723333181
 Per Share Net profit before tax (Yuan ¥), Interest Expense Ratio,-0.00111099643338075
 Revenue per person, Inventory/Working Capital,-0.0011090019254762805
 Revenue Per Share (Yuan ¥), Net Income to Stockholder's Equity,-0.0011043893345521166
 Contingent liabilities/Net worth, Working capitcal Turnover Rate,0.0011007574874288314
 Total Asset Return Growth Rate Ratio, Debt ratio %,-0.0011001987597297918
 Total Asset Return Growth Rate Ratio, Net worth/Assets,0.001100198759729769
 Operating Profit Rate, Borrowing dependency,0.0010923924667909251
 After-tax net Interest Rate, No-credit Interval,-0.0010911313796895673
 Continuous Net Profit Growth Rate, Interest Coverage Ratio (Interest expense to EBIT),0.0010859203450358738
 Revenue per person, Degree of Financial Leverage (DFL),-0.0010836923369828906
 Inventory/Current Liability, Long-term Liability to Current Assets,0.0010689026405739754
 Contingent liabilities/Net worth, Degree of Financial Leverage (DFL),-0.0010614784251170844
 Net Worth Turnover Rate (times), Cash Flow to Liability,0.0010480410454999408
 Long-term Liability to Current Assets, Quick Asset Turnover Rate,0.0010418875242116724
 Inventory/Working Capital, No-credit Interval,0.0010402829350042995
 Quick Assets/Current Liability, Total assets to GNP price,-0.0010361694943733493
 No-credit Interval, Interest Coverage Ratio (Interest expense to EBIT),0.0010269338212360146
 Operating Profit Rate, Inventory/Working Capital,-0.0010261970077985654
 Non-industry income and expenditure/revenue, Interest Coverage Ratio (Interest expense to EBIT),0.0010242743180443618
 Quick Asset Turnover Rate, Total assets to GNP price,-0.0010226489487803693
 Quick Assets/Current Liability, Cash Flow to Total Assets,-0.0010198624623492813
 Operating Profit Per Share (Yuan ¥), Current Ratio,-0.0010144856626129834
 Quick Ratio, Long-term fund suitability ratio (A),0.001012641326687687
 Total debt/Total net worth, Average Collection Days,-0.0010053194941874503
 Total debt/Total net worth, Allocation rate per person,-0.0010024141646228803
 Realized Sales Gross Profit Growth Rate, Allocation rate per person,-0.0010016565196237556
 Operating Profit Rate, Average Collection Days,0.001001083839877125
 Net Value Growth Rate, Cash/Current Liability,-0.0009991009396815638
 Pre-tax net Interest Rate, Net Value Growth Rate,-0.0009979885879444837
 Current Ratio, Operating profit/Paid-in capital,-0.0009934386044857467
 Inventory/Working Capital, Net Income to Total Assets,0.0009917792557505337
 Revenue Per Share (Yuan ¥), Average Collection Days,-0.0009850521670207346
 Pre-tax net Interest Rate, Interest Coverage Ratio (Interest expense to EBIT),0.0009838862467384003
 Revenue Per Share (Yuan ¥), Allocation rate per person,-0.000982205394105951
 Operating profit/Paid-in capital, No-credit Interval,0.0009748803051607924
 Liability-Assets Flag, Interest Coverage Ratio (Interest expense to EBIT),-0.0009744754523952451
 Non-industry income and expenditure/revenue, CFO to Assets,-0.0009725525900023212
 Revenue per person, Total income/Total expense,-0.000969498486037244
 Total income/Total expense, Cash Flow to Equity,0.0009689283939648464
 Fixed Assets Turnover Frequency, Working capitcal Turnover Rate,-0.0009661097016387865
 Continuous Net Profit Growth Rate, Long-term fund suitability ratio (A),0.000963646584493354
 Accounts Receivable Turnover, Quick Assets/Current Liability,-0.0009623851177322802
 After-tax net Interest Rate, Interest Coverage Ratio (Interest expense to EBIT),0.0009573578469178003
 Allocation rate per person, Interest Coverage Ratio (Interest expense to EBIT),-0.0009571018024117189
 Contingent liabilities/Net worth, Quick Asset Turnover Rate,0.0009549994273260052
 Tax rate (A), Total income/Total expense,-0.0009436929307035767
 Contingent liabilities/Net worth, Quick Assets/Current Liability,-0.0009416515976346641
 Realized Sales Gross Profit Growth Rate, Average Collection Days,-0.0009372305648882544
 Long-term fund suitability ratio (A), Inventory/Working Capital,0.000935852827608796
 Operating Profit Rate, Degree of Financial Leverage (DFL),0.0009345233715351691
 Regular Net Profit Growth Rate, Current Liabilities/Liability,-0.0009329321834223107
 Regular Net Profit Growth Rate, Current Liability to Liability,-0.0009329321834223107
 After-tax Net Profit Growth Rate, Current Liabilities/Liability,-0.0009290617162303585
 After-tax Net Profit Growth Rate, Current Liability to Liability,-0.0009290617162303585
 Long-term Liability to Current Assets, Total income/Total expense,-0.0009271727845003386
 After-tax net Interest Rate, Degree of Financial Leverage (DFL),0.0009270857012403867
 After-tax Net Profit Growth Rate, Cash Flow to Sales,0.0009161833519079917
 Total debt/Total net worth, Liability-Assets Flag,-0.0008988219515792794
 Quick Ratio, Total debt/Total net worth,-0.0008978971122393233
 Cash Flow to Sales, Equity to Long-term Liability,0.0008947514684326928
 Average Collection Days, Interest Coverage Ratio (Interest expense to EBIT),0.0008921209642989412
 Quick Assets/Total Assets, Interest Coverage Ratio (Interest expense to EBIT),-0.0008863798562732801
 Current Ratio, Cash/Current Liability,-0.0008818812449368464
 Revenue Per Share (Yuan ¥), Liability-Assets Flag,-0.0008807016427096176
 Revenue Per Share (Yuan ¥), Quick Ratio,-0.0008797954566330383
 Allocation rate per person, Cash Flow to Equity,-0.0008775069431110866
 Quick Assets/Current Liability, Degree of Financial Leverage (DFL),-0.0008763614842149876
 ROA(A) before interest and % after tax, Current Asset Turnover Rate,-0.0008693492696647312
 After-tax net Interest Rate, Net Value Growth Rate,-0.00085782394952263
 Operating Profit Growth Rate, Cash Reinvestment %,-0.0008555142304534745
 Pre-tax net Interest Rate, Degree of Financial Leverage (DFL),0.0008549153376649181
 Operating Profit Growth Rate, Revenue per person,-0.0008528406957781124
 Revenue per person, Total assets to GNP price,-0.0008425265483663043
 Contingent liabilities/Net worth, Revenue per person,-0.0008414970628743007
 Average Collection Days, Cash Flow to Equity,-0.0008350388099223785
 Continuous Net Profit Growth Rate, Cash Flow to Equity,-0.0008339250561735156
 Operating Profit Rate, Long-term fund suitability ratio (A),-0.000833125795098753
 Operating Profit Rate, Current Ratio,0.0008326557489245653
 Operating Profit Rate, Realized Sales Gross Profit Growth Rate,0.0008310849744036477
 After-tax net Interest Rate, Cash/Current Liability,-0.0008273715269625657
 Fixed Assets to Assets, Degree of Financial Leverage (DFL),-0.0008253730349737263
Bankrupt?, Inventory/Current Liability,0.000822094162749049
 Total income/Total expense, Cash Flow to Liability,0.0008182658132140257
 Quick Ratio, Operating profit/Paid-in capital,0.0008158793776600547
 Operating Profit Growth Rate, Total income/Total expense,0.00080599403548861
 Inventory Turnover Rate (times), Cash Flow to Liability,-0.0008053967504511832
 Allocation rate per person, Total income/Total expense,-0.0008043870177590638
 Average Collection Days, Quick Assets/Current Liability,-0.0008025590952978256
 Allocation rate per person, Quick Assets/Current Liability,-0.000800239730814996
 Continuous interest rate (after tax), Interest Coverage Ratio (Interest expense to EBIT),0.0007983467736499344
 Interest Expense Ratio, Total debt/Total net worth,-0.0007967158354652746
 After-tax Net Profit Growth Rate, Quick Ratio,0.0007957781515987577
 Total Asset Return Growth Rate Ratio, Total income/Total expense,0.0007942052423318956
 Total Asset Return Growth Rate Ratio, Total debt/Total net worth,-0.0007939331746909361
 Regular Net Profit Growth Rate, Quick Ratio,0.0007829194752944249
 Interest-bearing debt interest rate, Interest Coverage Ratio (Interest expense to EBIT),-0.0007793875052098714
 Contingent liabilities/Net worth, Inventory/Current Liability,-0.0007784986018200859
Bankrupt?, Long-term Liability to Current Assets,0.0007783681055204814
 Continuous interest rate (after tax), Degree of Financial Leverage (DFL),0.0007739576981233184
 Realized Sales Gross Profit Growth Rate, No-credit Interval,-0.0007643206482481953
 Operating profit per person, Cash Flow to Sales,0.0007622625879425974
 Non-industry income and expenditure/revenue, Cash Flow Per Share,0.0007577566475576449
 Regular Net Profit Growth Rate, Cash Flow to Sales,0.0007558363329489122
 Realized Sales Gross Profit Growth Rate, Continuous Net Profit Growth Rate,0.0007466083355547117
 Current Liability to Equity, Degree of Financial Leverage (DFL),0.0007451434424590218
 Current Liabilities/Equity, Degree of Financial Leverage (DFL),0.0007451434424590218
 Total Asset Growth Rate, Current Asset Turnover Rate,0.0007391332396434789
 Total Asset Return Growth Rate Ratio, Current Ratio,-0.000737311759687071
 Operating Profit Rate, Allocation rate per person,0.0007260154132975874
 Total debt/Total net worth, Total income/Total expense,-0.000724759395181476
 Inventory Turnover Rate (times), Inventory/Working Capital,0.0007242808289406037
 Inventory/Working Capital, Long-term Liability to Current Assets,-0.0007238783238947781
 Operating Profit Per Share (Yuan ¥), Quick Ratio,0.0007203576895568722
 Revenue Per Share (Yuan ¥), Cash Reinvestment %,0.0007202226391216682
 Continuous Net Profit Growth Rate, Average Collection Days,-0.0007169477376759366
 Quick Ratio, Quick Assets/Current Liability,-0.000716802482667176
 Revenue Per Share (Yuan ¥), Interest Expense Ratio,-0.0007098887588674114
 Net Value Growth Rate, Total income/Total expense,-0.000709478339311138
 After-tax net Interest Rate, Allocation rate per person,0.0007018613184832367
 Allocation rate per person, No-credit Interval,-0.0007017639485001633
 Total debt/Total net worth, Net Income to Stockholder's Equity,-0.0007004293487017197
 Fixed Assets to Assets, Net Income to Stockholder's Equity,-0.0006997973713370347
 Realized Sales Gross Profit Growth Rate, Net Value Growth Rate,-0.0006979138575001297
 Net Value Growth Rate, Degree of Financial Leverage (DFL),-0.0006971664502081753
 Pre-tax net Interest Rate, Allocation rate per person,0.0006853152213141735
 Long-term fund suitability ratio (A), Borrowing dependency,-0.0006842039665122424
 Accounts Receivable Turnover, Total income/Total expense,-0.0006838007971028826
 Allocation rate per person, Net Income to Stockholder's Equity,0.0006793288175572049
 Net Value Growth Rate, Total assets to GNP price,-0.0006790387064438852
 Realized Sales Gross Profit Growth Rate, Degree of Financial Leverage (DFL),-0.0006723545998017696
 Quick Assets/Total Assets, Liability-Assets Flag,-0.0006633380040860139
 Research and development expense rate, Interest-bearing debt interest rate,0.0006560112067827123
 Operating Profit Rate, Equity to Long-term Liability,-0.0006537565600455938
 Continuous Net Profit Growth Rate, Total income/Total expense,0.00065345922396109
 Average Collection Days, Revenue per person,-0.0006525740336506014
 Inventory/Current Liability, Current Liabilities/Liability,-0.0006524426961062967
 Inventory/Current Liability, Current Liability to Liability,-0.0006524426961062967
 Continuous interest rate (after tax), Allocation rate per person,0.0006518892402931808
 Revenue per person, Allocation rate per person,-0.0006506881291981792
 Net Value Growth Rate, Interest Expense Ratio,-0.0006502253103316487
 Non-industry income and expenditure/revenue, Long-term Liability to Current Assets,-0.000641280125774218
 Non-industry income and expenditure/revenue, No-credit Interval,-0.0006367340405437952
 Net Value Growth Rate, Accounts Receivable Turnover,-0.0006306851788571366
 Realized Sales Gross Profit Growth Rate, Accounts Receivable Turnover,-0.0006301240286557775
 Contingent liabilities/Net worth, Interest Coverage Ratio (Interest expense to EBIT),-0.0006199019281256582
 Total Asset Return Growth Rate Ratio, Cash Flow to Sales,-0.0006097256621277576
 Interest-bearing debt interest rate, Working capitcal Turnover Rate,0.0006070995380811179
 Cash Turnover Rate, Equity to Long-term Liability,0.000606104034427706
 Non-industry income and expenditure/revenue, Cash Reinvestment %,-0.0006055309435614583
 Fixed Assets to Assets, Total assets to GNP price,-0.0005993704060167256
 Current Ratio, Total assets to GNP price,-0.0005993703464800403
 Contingent liabilities/Net worth, Fixed Assets to Assets,-0.0005986379648065612
 Inventory and accounts receivable/Net value, Working capitcal Turnover Rate,-0.000593845707123962
 ROA(C) before interest and depreciation before interest, Realized Sales Gross Profit Growth Rate,0.0005910673864003042
 Realized Sales Gross Profit Growth Rate, Total debt/Total net worth,-0.0005890615410782792
 Interest Expense Ratio, Total assets to GNP price,-0.00058613184363359
 Total assets to GNP price, No-credit Interval,-0.0005840834133859568
 Revenue per person, Liability-Assets Flag,-0.0005834442772518087
 Quick Ratio, Revenue per person,-0.0005828439034678399
 Cash Flow Per Share, Current Ratio,0.000580671619110178
 Current Ratio, Degree of Financial Leverage (DFL),-0.0005739235343632749
 Total debt/Total net worth, Inventory/Working Capital,-0.0005738771462099335
 Revenue Per Share (Yuan ¥), Total income/Total expense,-0.000557648427498239
 Accounts Receivable Turnover, Fixed Assets to Assets,-0.0005566899309758555
 Current Ratio, Accounts Receivable Turnover,-0.0005566899065684496
 Non-industry income and expenditure/revenue, Degree of Financial Leverage (DFL),-0.0005562426881169348
 Continuous interest rate (after tax), No-credit Interval,-0.0005557196939460101
 Net Value Growth Rate, Inventory/Working Capital,-0.0005517093455491143
 Total debt/Total net worth, Quick Assets/Current Liability,-0.0005490869808131664
 After-tax Net Profit Growth Rate, Allocation rate per person,0.0005477113279377042
 Contingent liabilities/Net worth, Cash Flow to Sales,0.0005408774138298373
 Realized Sales Gross Profit Growth Rate, Revenue per person,-0.0005392475490182899
 Average Collection Days, Allocation rate per person,-0.0005389637368114155
 Revenue Per Share (Yuan ¥), Quick Assets/Current Liability,-0.0005380173651799769
 Fixed Assets Turnover Frequency, Interest Coverage Ratio (Interest expense to EBIT),0.0005367567267885977
 Operating Profit Growth Rate, Liability to Equity,0.0005366814265561668
 After-tax Net Profit Growth Rate, Total debt/Total net worth,0.0005354822063855303
 Regular Net Profit Growth Rate, Allocation rate per person,0.0005352004983901101
 Net Value Growth Rate, Average Collection Days,-0.0005259455045439406
 Allocation rate per person, Inventory/Working Capital,-0.0005246146106870589
 Net Value Growth Rate, Allocation rate per person,-0.0005244255444465055
 Regular Net Profit Growth Rate, Total debt/Total net worth,0.0005235788823167668
 Long-term Liability to Current Assets, Gross Profit to Sales,0.0005228975307021933
 Operating Gross Margin, Long-term Liability to Current Assets,0.0005216014880532249
 Long-term Liability to Current Assets, Cash Flow to Sales,0.0005184698607286207
 Cash flow rate, Interest Expense Ratio,0.0005128224703440952
 Continuous Net Profit Growth Rate, Long-term Liability to Current Assets,-0.0005073092759463878
 Operating profit per person, Quick Assets/Total Assets,0.0005070211724599017
 Interest-bearing debt interest rate, Continuous Net Profit Growth Rate,0.0004989438641709652
 Accounts Receivable Turnover, Interest Coverage Ratio (Interest expense to EBIT),-0.0004972848555020132
 Per Share Net profit before tax (Yuan ¥), Realized Sales Gross Profit Growth Rate,-0.0004959322367321978
 Realized Sales Gross Profit Growth Rate, Quick Assets/Current Liability,-0.0004938757369097005
 Total Asset Return Growth Rate Ratio, Inventory/Working Capital,0.000491968483199952
 Cash Flow Per Share, Regular Net Profit Growth Rate,0.0004882765254709451
 Current Ratio, Working capitcal Turnover Rate,-0.0004866167885255832
 Current Ratio, Inventory/Working Capital,-0.000486191869621
 Total income/Total expense, Current Asset Turnover Rate,-0.00048538750428826094
 Non-industry income and expenditure/revenue, Realized Sales Gross Profit Growth Rate,0.00048360856471300125
Bankrupt?, Cash Flow to Sales,0.00047875189690556
 Borrowing dependency, Cash Flow to Sales,-0.0004756045322432397
 Net Value Growth Rate, Quick Ratio,-0.00046974614753449905
 After-tax Net Profit Growth Rate, Quick Assets/Current Liability,0.00046851217331150493
 Total income/Total expense, Cash Flow to Sales,0.0004659837779258277
 Non-industry income and expenditure/revenue, Interest Expense Ratio,0.0004648084591226098
 Current Ratio, Average Collection Days,-0.00046423885515770247
 Current Ratio, Allocation rate per person,-0.0004628972145365233
 Regular Net Profit Growth Rate, Quick Assets/Current Liability,0.0004607233815133306
Bankrupt?, Realized Sales Gross Profit Growth Rate,-0.0004583837625679431
 Inventory/Working Capital, Total assets to GNP price,0.00045522841932782774
 Total debt/Total net worth, Revenue per person,-0.000446471721220856
 Net Value Growth Rate, Interest Coverage Ratio (Interest expense to EBIT),-0.00044584924483380536
 Tax rate (A), Average Collection Days,-0.0004434553351063171
 Operating Profit Per Share (Yuan ¥), Working capitcal Turnover Rate,-0.0004353282871877973
 Operating profit/Paid-in capital, Quick Asset Turnover Rate,-0.0004330274065675906
 Total debt/Total net worth, Interest Coverage Ratio (Interest expense to EBIT),-0.0004313810482399484
 Interest Expense Ratio, Total income/Total expense,-0.0004296591716314904
 Total income/Total expense, Fixed Assets to Assets,-0.00042890005291705677
 Revenue Per Share (Yuan ¥), Operating Profit Growth Rate,-0.0004267949571881281
 Current Ratio, Liability-Assets Flag,-0.000415060178202329
 Fixed Assets to Assets, Liability-Assets Flag,-0.0004150601207400182
 Quick Ratio, Fixed Assets to Assets,-0.0004146331374877826
 Current Ratio, Quick Ratio,-0.0004146330963534677
 Persistent EPS in the Last Four Seasons, Current Asset Turnover Rate,-0.0004122277358084707
 Non-industry income and expenditure/revenue, Total assets to GNP price,-0.0004076575248597583
 Operating Profit Growth Rate, Quick Ratio,0.0004039888280500492
 Allocation rate per person, Operating Funds to Liability,-0.00039980210200252794
 Operating Profit Rate, Interest Coverage Ratio (Interest expense to EBIT),0.00039276971808690337
 Average Collection Days, Working capitcal Turnover Rate,-0.000392092331569516
 Non-industry income and expenditure/revenue, Allocation rate per person,-0.0003896288200948555
 Continuous Net Profit Growth Rate, Working capitcal Turnover Rate,-0.00038472095284845255
 After-tax Net Profit Growth Rate, Fixed Assets to Assets,0.0003810281104350019
 Current Ratio, Interest Expense Ratio,-0.00037866262893411647
 Regular Net Profit Growth Rate, Fixed Assets to Assets,0.00037606981134170506
 Cash Flow Per Share, Continuous Net Profit Growth Rate,-0.00037538897818099453
 Contingent liabilities/Net worth, Average Collection Days,-0.00037260530736260724
 Operating profit per person, Allocation rate per person,0.0003720515076280179
 After-tax Net Profit Growth Rate, Working capitcal Turnover Rate,0.00037124310951861574
 Long-term fund suitability ratio (A), Inventory/Current Liability,0.0003669061906280726
 Net Value Growth Rate, Working capitcal Turnover Rate,-0.0003665990757578166
 Operating Profit Rate, Quick Assets/Current Liability,0.0003648623036782749
 Net Value Growth Rate, Total debt/Total net worth,-0.0003598362331803799
 Total Asset Return Growth Rate Ratio, Quick Assets/Current Liability,0.0003576824966642641
 Revenue per person, Quick Assets/Current Liability,-0.0003564239410329186
 Non-industry income and expenditure/revenue, Fixed Assets to Assets,-0.0003545614183605202
 Continuous interest rate (after tax), Net Value Growth Rate,-0.0003544567186746681
 Revenue Per Share (Yuan ¥), Net Value Growth Rate,-0.0003525819192058058
 Contingent liabilities/Net worth, Cash Turnover Rate,-0.0003514467651567861
 Operating Profit Growth Rate, Allocation rate per person,0.0003476893739525036
 Inventory/Current Liability, Degree of Financial Leverage (DFL),-0.0003437641807647132
 After-tax net Interest Rate, Quick Assets/Current Liability,0.00034261061034999085
 Long-term fund suitability ratio (A), Interest Coverage Ratio (Interest expense to EBIT),-0.0003424205099129051
 Working capitcal Turnover Rate, Degree of Financial Leverage (DFL),-0.0003423099821929538
 Operating profit/Paid-in capital, Working capitcal Turnover Rate,-0.0003324851070304558
 Realized Sales Gross Profit Growth Rate, Interest Coverage Ratio (Interest expense to EBIT),-0.00032709882508516106
 Operating Profit Rate, Quick Ratio,0.0003228617289273816
 Total debt/Total net worth, Fixed Assets to Assets,-0.0003176184234293364
 Current Ratio, Total debt/Total net worth,-0.000317618126733411
 Quick Ratio, Total income/Total expense,-0.0003142499873975443
 Revenue Per Share (Yuan ¥), Fixed Assets to Assets,-0.0003112151914216826
 Revenue Per Share (Yuan ¥), Current Ratio,-0.00031121493009277285
 Total Asset Return Growth Rate Ratio, Degree of Financial Leverage (DFL),-0.0003104478084554898
 Total Asset Return Growth Rate Ratio, No-credit Interval,-0.000310282053103847
 Quick Assets/Current Liability, Working capitcal Turnover Rate,-0.00030986743418367005
 Realized Sales Gross Profit Growth Rate, Total income/Total expense,-0.00030735474381168593
 Continuous Net Profit Growth Rate, Total assets to GNP price,-0.0003071550389541416
 Realized Sales Gross Profit Growth Rate, Fixed Assets to Assets,-0.00030124553933398156
 Operating Profit Rate, Cash/Current Liability,0.0003006768254052672
 Continuous interest rate (after tax), Quick Assets/Current Liability,0.0003001673692437947
 Pre-tax net Interest Rate, Quick Assets/Current Liability,0.00029565979751254926
 Operating Profit Rate, Liability-Assets Flag,-0.0002946771448512287
 Non-industry income and expenditure/revenue, Quick Assets/Current Liability,-0.0002938265118031681
 Long-term Liability to Current Assets, Working capitcal Turnover Rate,-0.00028759321016963527
 Realized Sales Gross Profit Growth Rate, Current Ratio,-0.00028475041767450643
 Non-industry income and expenditure/revenue, Total debt/Total net worth,-0.00028366120769346116
 Persistent EPS in the Last Four Seasons, Inventory/Working Capital,0.00028257781125614934
 Revenue Per Share (Yuan ¥), Inventory/Working Capital,-0.0002786271453080868
 Quick Assets/Current Liability, Total income/Total expense,-0.0002738126815822607
 Revenue Per Share (Yuan ¥), Current Assets/Total Assets,0.0002705317527875941
 Continuous Net Profit Growth Rate, Net Value Growth Rate,-0.0002704139286395399
 Realized Sales Gross Profit Growth Rate, Interest Expense Ratio,-0.0002595776802887199
 Current Ratio, Quick Assets/Current Liability,-0.0002535587231401219
 Quick Assets/Current Liability, Fixed Assets to Assets,-0.00025355870542373833
 Inventory/Working Capital, Total income/Total expense,-0.0002487291450555742
 Operating Profit Rate, Contingent liabilities/Net worth,0.0002465425764927508
 Interest Expense Ratio, Working capitcal Turnover Rate,-0.0002404737158908853
 Cash Flow Per Share, Working capitcal Turnover Rate,-0.0002402679822389208
 Total assets to GNP price, Interest Coverage Ratio (Interest expense to EBIT),0.00023942576403641403
 Cash Flow to Equity, Interest Coverage Ratio (Interest expense to EBIT),0.00023935757539338096
 Net Value Growth Rate, Revenue per person,-0.0002335772864650111
Bankrupt?, Operating Profit Rate,-0.00022981739906455508
 Inventory/Working Capital, Working Capital/Equity,-0.00022031023626554517
 Continuous Net Profit Growth Rate, Total Asset Turnover,-0.00021549983100536664
 Quick Assets/Current Liability, Interest Coverage Ratio (Interest expense to EBIT),0.0002089667296454489
 Continuous Net Profit Growth Rate, Cash Flow to Total Assets,-0.00020846036252400045
 Cash Flow to Sales, Degree of Financial Leverage (DFL),0.00020810978513961857
 Operating Profit Rate, Net Value Growth Rate,-0.00020721004333332864
 Current Ratio, Revenue per person,-0.00020617278872821706
 Revenue per person, Fixed Assets to Assets,-0.00020617271517373912
 Total Asset Return Growth Rate Ratio, Fixed Assets to Assets,-0.000205891654271208
 Contingent liabilities/Net worth, Total income/Total expense,-0.00020242269535981845
 Interest-bearing debt interest rate, Total income/Total expense,-0.00020161919513557135
 After-tax Net Profit Growth Rate, Current Ratio,0.0002014136111259098
 Continuous Net Profit Growth Rate, Allocation rate per person,-0.00019930034196153002
 Operating Profit Rate, No-credit Interval,0.0001992470677965182
 Regular Net Profit Growth Rate, Working capitcal Turnover Rate,0.00019784905387894934
 Interest-bearing debt interest rate, Cash Reinvestment %,0.00019767544238712318
 Inventory Turnover Rate (times), Revenue per person,0.00019335573375329427
 Revenue Per Share (Yuan ¥), Realized Sales Gross Profit Growth Rate,0.00019204780410828762
 Continuous interest rate (after tax), Long-term fund suitability ratio (A),-0.000186996428036261
 Regular Net Profit Growth Rate, Current Ratio,0.00018581401026731556
 Cash Flow to Sales, Total assets to GNP price,0.00018208492010732304
 Realized Sales Gross Profit Growth Rate, Cash Flow to Sales,-0.00018201205788989988
 Operating Profit Growth Rate, No-credit Interval,-0.00018043933962052112
 Continuous Net Profit Growth Rate, Cash Flow to Sales,-0.00017955155258715392
 Realized Sales Gross Margin, Long-term Liability to Current Assets,0.00017764817030805613
 Cash Flow to Total Assets, Interest Coverage Ratio (Interest expense to EBIT),0.00017646440277743237
 Inventory/Working Capital, Net Income to Stockholder's Equity,0.00017640008721177652
 Interest-bearing debt interest rate, Cash Flow to Sales,0.00017321118966410475
 Allocation rate per person, Cash Flow to Sales,0.00016927686740864166
 Net Value Growth Rate, Current Ratio,-0.0001661660468817065
 Net Value Growth Rate, Fixed Assets to Assets,-0.00016616598230409095
 Inventory Turnover Rate (times), Cash Flow to Sales,-0.00016544486583780287
 Continuous interest rate (after tax), Current Liability to Assets,0.00015862214130547196
 Continuous Net Profit Growth Rate, Total debt/Total net worth,-0.00015353361554812332
 Current Ratio, Interest Coverage Ratio (Interest expense to EBIT),-0.00015025320233523243
 Current Ratio, Fixed Assets to Assets,-0.00014667060350654517
 Operating Profit Growth Rate, Quick Assets/Current Liability,0.0001447741236594088
 Cash Turnover Rate, Degree of Financial Leverage (DFL),0.00014319974482429013
 Total Asset Return Growth Rate Ratio, Quick Ratio,-0.0001352430403236026
 No-credit Interval, Net Income to Stockholder's Equity,0.00012737229784511755
 Working capitcal Turnover Rate, Total assets to GNP price,0.00012192136140403749
 Realized Sales Gross Profit Growth Rate, Inventory/Working Capital,-0.00012070263658638454
 Continuous Net Profit Growth Rate, Cash Flow to Liability,0.00012043514162365323
 Continuous Net Profit Growth Rate, Quick Ratio,-0.00011961170750300982
 Current Ratio, Long-term fund suitability ratio (A),0.00011767113837291749
 Inventory/Working Capital, Working capitcal Turnover Rate,0.00011558255671910252
 Quick Assets/Current Liability, Cash Flow to Sales,0.00010903375387597246
 Operating Profit Rate, Fixed Assets to Assets,0.00010624619997664216
 Current Ratio, Cash Flow to Sales,-0.00010083733051736638
 Net Income to Stockholder's Equity, Degree of Financial Leverage (DFL),-9.303098472951472e-05
 Operating Profit Growth Rate, Current Ratio,8.865071610680561e-05
 Total income/Total expense, Interest Coverage Ratio (Interest expense to EBIT),8.821689945433096e-05
 Inventory/Working Capital, Cash Flow to Sales,8.467155481003846e-05
 Allocation rate per person, Cash Flow to Liability,8.352731974058468e-05
 Quick Ratio, Degree of Financial Leverage (DFL),-8.293280954899091e-05
 Cash Flow to Sales, Interest Coverage Ratio (Interest expense to EBIT),-8.252395673751207e-05
 Continuous Net Profit Growth Rate, Quick Assets/Current Liability,-8.139917590538266e-05
 Allocation rate per person, Equity to Liability,8.128903752284032e-05
 Operating Profit Growth Rate, Inventory/Working Capital,8.05351050153723e-05
 Interest Expense Ratio, No-credit Interval,-7.624561357659136e-05
 Continuous interest rate (after tax), Total debt/Total net worth,7.509493687416135e-05
 Pre-tax net Interest Rate, No-credit Interval,-7.507305053154605e-05
 Interest Expense Ratio, Contingent liabilities/Net worth,-7.441307410107663e-05
 Average Collection Days, Cash Flow to Sales,7.28322657390857e-05
 Cash/Current Liability, Working capitcal Turnover Rate,-7.023784931304503e-05
 Cash Flow to Sales, Liability-Assets Flag,-6.512931309955983e-05
 Interest Expense Ratio, Retained Earnings to Total Assets,6.491568652866135e-05
 Long-term Liability to Current Assets, Liability to Equity,6.348649621804781e-05
 Operating Profit Growth Rate, Total assets to GNP price,6.303936289379653e-05
 Continuous Net Profit Growth Rate, Current Ratio,-6.0013950898167284e-05
 Revenue Per Share (Yuan ¥), Interest Coverage Ratio (Interest expense to EBIT),-5.309699168920198e-05
 Operating Profit Growth Rate, Total debt/Total net worth,5.148206636353537e-05
 Cash Flow to Sales, Fixed Assets to Assets,-4.864086593789306e-05
 Pre-tax net Interest Rate, Fixed Assets to Assets,-4.744534284036828e-05
 Total expense/Assets, Cash Flow to Sales,4.4915372106774544e-05
 Continuous Net Profit Growth Rate, Fixed Assets to Assets,-4.2684244404807536e-05
 Operating Profit Growth Rate, Fixed Assets to Assets,4.2047034686626244e-05
 Net Value Growth Rate, Cash Flow to Sales,3.931199615230027e-05
 Interest Expense Ratio, Cash Flow to Sales,-3.771539806625923e-05
 Total income/Total expense, Working capitcal Turnover Rate,-3.396402055142948e-05
 Interest Expense Ratio, Operating profit/Paid-in capital,-2.810418394140487e-05
 Quick Ratio, Cash Flow to Sales,2.472118872308547e-05
 Realized Sales Gross Profit Growth Rate, Working capitcal Turnover Rate,2.2884541203048884e-05
 Interest-bearing debt interest rate, Current Liability to Current Assets,2.1754167759886866e-05
 Continuous interest rate (after tax), Fixed Assets to Assets,-1.617468685774179e-05
 Continuous Net Profit Growth Rate, Degree of Financial Leverage (DFL),1.3958841951973014e-05
 Tax rate (A), Current Ratio,-9.658151944202212e-06
 Cash/Current Liability, Cash Flow to Sales,-9.159442224058413e-06
 Persistent EPS in the Last Four Seasons, Interest Expense Ratio,6.694917442108653e-06
 Working capitcal Turnover Rate, Interest Coverage Ratio (Interest expense to EBIT),-4.011644075621385e-06
 Operating Profit Per Share (Yuan ¥), Interest Expense Ratio,3.940290659703729e-06
 ROA(A) before interest and % after tax, Inventory/Working Capital,-3.60478099535587e-06
 Allocation rate per person, Working capitcal Turnover Rate,-2.9668532968073053e-06
 After-tax net Interest Rate, Fixed Assets to Assets,-2.931682324159415e-06
Bankrupt?, Net Income Flag,
 ROA(C) before interest and depreciation before interest, Net Income Flag,
 ROA(A) before interest and % after tax, Net Income Flag,
 ROA(B) before interest and depreciation after tax, Net Income Flag,
 Operating Gross Margin, Net Income Flag,
 Realized Sales Gross Margin, Net Income Flag,
 Operating Profit Rate, Net Income Flag,
 Pre-tax net Interest Rate, Net Income Flag,
 After-tax net Interest Rate, Net Income Flag,
 Non-industry income and expenditure/revenue, Net Income Flag,
 Continuous interest rate (after tax), Net Income Flag,
 Operating Expense Rate, Net Income Flag,
 Research and development expense rate, Net Income Flag,
 Cash flow rate, Net Income Flag,
 Interest-bearing debt interest rate, Net Income Flag,
 Tax rate (A), Net Income Flag,
 Net Value Per Share (B), Net Income Flag,
 Net Value Per Share (A), Net Income Flag,
 Net Value Per Share (C), Net Income Flag,
 Persistent EPS in the Last Four Seasons, Net Income Flag,
 Cash Flow Per Share, Net Income Flag,
 Revenue Per Share (Yuan ¥), Net Income Flag,
 Operating Profit Per Share (Yuan ¥), Net Income Flag,
 Per Share Net profit before tax (Yuan ¥), Net Income Flag,
 Realized Sales Gross Profit Growth Rate, Net Income Flag,
 Operating Profit Growth Rate, Net Income Flag,
 After-tax Net Profit Growth Rate, Net Income Flag,
 Regular Net Profit Growth Rate, Net Income Flag,
 Continuous Net Profit Growth Rate, Net Income Flag,
 Total Asset Growth Rate, Net Income Flag,
 Net Value Growth Rate, Net Income Flag,
 Total Asset Return Growth Rate Ratio, Net Income Flag,
 Cash Reinvestment %, Net Income Flag,
 Current Ratio, Net Income Flag,
 Quick Ratio, Net Income Flag,
 Interest Expense Ratio, Net Income Flag,
 Total debt/Total net worth, Net Income Flag,
 Debt ratio %, Net Income Flag,
 Net worth/Assets, Net Income Flag,
 Long-term fund suitability ratio (A), Net Income Flag,
 Borrowing dependency, Net Income Flag,
 Contingent liabilities/Net worth, Net Income Flag,
 Operating profit/Paid-in capital, Net Income Flag,
 Net profit before tax/Paid-in capital, Net Income Flag,
 Inventory and accounts receivable/Net value, Net Income Flag,
 Total Asset Turnover, Net Income Flag,
 Accounts Receivable Turnover, Net Income Flag,
 Average Collection Days, Net Income Flag,
 Inventory Turnover Rate (times), Net Income Flag,
 Fixed Assets Turnover Frequency, Net Income Flag,
 Net Worth Turnover Rate (times), Net Income Flag,
 Revenue per person, Net Income Flag,
 Operating profit per person, Net Income Flag,
 Allocation rate per person, Net Income Flag,
 Working Capital to Total Assets, Net Income Flag,
 Quick Assets/Total Assets, Net Income Flag,
 Current Assets/Total Assets, Net Income Flag,
 Cash/Total Assets, Net Income Flag,
 Quick Assets/Current Liability, Net Income Flag,
 Cash/Current Liability, Net Income Flag,
 Current Liability to Assets, Net Income Flag,
 Operating Funds to Liability, Net Income Flag,
 Inventory/Working Capital, Net Income Flag,
 Inventory/Current Liability, Net Income Flag,
 Current Liabilities/Liability, Net Income Flag,
 Working Capital/Equity, Net Income Flag,
 Current Liabilities/Equity, Net Income Flag,
 Long-term Liability to Current Assets, Net Income Flag,
 Retained Earnings to Total Assets, Net Income Flag,
 Total income/Total expense, Net Income Flag,
 Total expense/Assets, Net Income Flag,
 Current Asset Turnover Rate, Net Income Flag,
 Quick Asset Turnover Rate, Net Income Flag,
 Working capitcal Turnover Rate, Net Income Flag,
 Cash Turnover Rate, Net Income Flag,
 Cash Flow to Sales, Net Income Flag,
 Fixed Assets to Assets, Net Income Flag,
 Current Liability to Liability, Net Income Flag,
 Current Liability to Equity, Net Income Flag,
 Equity to Long-term Liability, Net Income Flag,
 Cash Flow to Total Assets, Net Income Flag,
 Cash Flow to Liability, Net Income Flag,
 CFO to Assets, Net Income Flag,
 Cash Flow to Equity, Net Income Flag,
 Current Liability to Current Assets, Net Income Flag,
 Liability-Assets Flag, Net Income Flag,
 Net Income to Total Assets, Net Income Flag,
 Total assets to GNP price, Net Income Flag,
 No-credit Interval, Net Income Flag,
 Gross Profit to Sales, Net Income Flag,
 Net Income to Stockholder's Equity, Net Income Flag,
 Liability to Equity, Net Income Flag,
 Degree of Financial Leverage (DFL), Net Income Flag,
 Interest Coverage Ratio (Interest expense to EBIT), Net Income Flag,
 Net Income Flag, Equity to Liability,
